241,taste,rum,roast,garlic,water,round,powder,de,salt,pepper,rump,and,black,c,ground,,,,,,,,,,,,,,,,,,,,,,,,,,,,,,,,,,,,,,,,,,
238,ice,onion,vine,mapl,dark,seed,fluid,white,syrup,tea,thyme,co,beer,caraway,de,dri,red,sauce,sauc,vinegar,bratwurst,slice,lettuc,lettuce,cheese,bun,link,maple,split,chees,and,bottle,c,,,,,,,,,,,,,,,,,,,,,,,,
88,oil,ice,nut,chocolate,cinnamon,nutmeg,white,tea,co,round,powder,de,sugar,salt,sweet,baking,chip,puree,pumpkin,cola,flour,slice,semisweet,miniature,king,gin,almond,molass,pure,veget,egg,ginger,c,soda,chocol,ground,,,,,,,,,,,,,,,,,,,,,
313,oil,fresh,chopped,minc,weed,garlic,white,tea,round,heavy,food,salt,shallot,oliv,wine,fillet,clove,cream,pepper,chop,black,dill,salmon,c,ground,,,,,,,,,,,,,,,,,,,,,,,,,,,,,,,,
419,chocolate,cinnamon,vanilla,white,tea,co,round,powder,de,sugar,salt,extract,baking,chip,cocoa,zucchini,cola,flour,king,margarin,clove,egg,of,margarine,gra,c,soda,chocol,ground,,,,,,,,,,,,,,,,,,,,,,,,,,,,
108,oil,pineapple,coconut,chopped,nut,cinnamon,white,tea,co,flake,round,apple,pine,sugar,salt,baking,puree,flour,pineappl,king,carrot,walnut,pure,veget,appl,egg,and,chop,c,soda,ground,,,,,,,,,,,,,,,,,,,,,,,,,,
299,oil,fresh,vine,seed,minc,balsam,tea,thyme,co,bone,de,berry,reduced-sodium,sugar,sodium,seedless,broth,red,cornstarch,oliv,fat,vinegar,boneless,breast,spread,star,blackberry,corn,fruit,skinless,black,c,chicken,,,,,,,,,,,,,,,,,,,,,,,,
418,oil,ice,juic,mapl,ju,minc,garlic,syrup,tea,low-sodium,lemon,juice,sodium,sauce,sauc,slice,firm,clove,maple,pure,veget,chive,tofu,of,package,fir,garnish,garni,c,soy,,,,,,,,,,,,,,,,,,,,,,,,,,,
141,rum,chopped,nut,dark,cinnamon,nutmeg,white,milk,tea,co,round,apple,powder,de,sugar,salt,sweet,baking,sauce,sauc,cocoa,flour,king,appl,applesauce,chop,butter,raisin,pecan,c,soda,ground,,,,,,,,,,,,,,,,,,,,,,,,,
281,taste,onion,chopped,vine,mustard,garlic,white,tea,mayonnais,powder,de,celery,red,mayonnaise,paprika,vinegar,egg,star,chop,c,,,,,,,,,,,,,,,,,,,,,,,,,,,,,,,,,,,,,
338,oil,cayenne,seasoning,fresh,loaf,minc,garlic,cube,tea,baguett,round,de,baguette,season,salt,oliv,paprika,cayenn,bread,cheese,clove,egg,chees,pepper,gra,sea,black,#NAME?,c,ground,,,,,,,,,,,,,,,,,,,,,,,,,,,
204,yolk,vanilla,white,tea,lemon,de,dri,sugar,extract,flour,egg,of,zest,gra,butter,lavender,c,,,,,,,,,,,,,,,,,,,,,,,,,,,,,,,,,,,,,,,,
21,crumbs,onion,rum,fresh,chopped,garlic,white,water,co,round,tomato,de,dri,season,red,ketchup,basil,king,bread,cheese,clove,cooking,egg,chees,provolone,chop,spray,sea,beef,c,hot,ground,,,,,,,,,,,,,,,,,,,,,,,,,
40,oil,cayenne,taste,ice,juic,fresh,parsley,chopped,herb,ju,minc,garlic,tea,co,round,lemon,oregano,her,juice,de,berry,cranberry,dri,salt,broth,shallot,oliv,cayenn,past,rosemary,slice,shell,gin,chervil,herbs,bacon,sel,clove,paste,drip,oelek,bean,pepper,rose,chile,zest,chop,black,coarse,shallotssalt,c,hot,chicken,ground,,,
69,oil,taste,onion,chopped,lengthwise,cube,rotini,round,bell,tomato,tin,salt,red,sauce,piece,roma,plum,oliv,sauc,pie,zucchini,oilsalt,green,past,pepper,package,and,chop,pesto,black,pasta,#NAME?,c,ground,,,,,,,,,,,,,,,,,,,,,,,
468,brown,chocolate,vanilla,whipping,white,tea,co,heavy,powder,saltChocolate,de,sugar,salt,extract,baking,cocoa,cold,sour,cola,flour,king,coffee,whip,cream,egg,of,butter,coffe,c,soda,chocol,,,,,,,,,,,,,,,,,,,,,,,,,,
119,oil,cayenne,sherry,vine,garlic,tea,low-sodium,thyme,powder,her,de,dri,sodium,salt,sauce,oliv,sauc,vinegar,cayenn,firm,kosher,pepper,tofu,of,package,fir,marjoram,black,c,soy,,,,,,,,,,,,,,,,,,,,,,,,,,,
237,cinnamon,vanilla,white,milk,tea,round,buttermilk,sugar,extract,baking,mash,flour,king,egg,banana,shortening,beaten,ripe,butter,shorten,c,soda,ground,,,,,,,,,,,,,,,,,,,,,,,,,,,,,,,,,,
227,oil,cranberri,ice,nut,seed,trimmed,white,de,berri,dri,pine,peel,half,sweet,shallot,oliv,wine,flour,slice,sel,eel,squash,sprout,and,butternut,butter,c,,,,,,,,,,,,,,,,,,,,,,,,,,,,,,
379,oil,chopped,minc,garlic,white,co,mushroom,de,red,oliv,cheese,bacon,room,size,chees,chive,package,chop,c,,,,,,,,,,,,,,,,,,,,,,,,,,,,,,,,,,,,,,
219,oil,vanilla,white,milk,tea,co,powder,buttermilk,de,sugar,salt,extract,sweet,cornstarch,baking,cocoa,zucchini,flour,king,cheese,cream,veget,egg,star,corn,chees,of,package,gra,butter,c,,,,,,,,,,,,,,,,,,,,,,,,,,
451,white,water,yeast,de,sugar,salt,flour,bread,of,package,lard,c,,,,,,,,,,,,,,,,,,,,,,,,,,,,,,,,,,,,,,,,,,,,,
177,nut,chocolate,cinnamon,nutmeg,white,tea,co,round,apple,sugar,salt,sweet,baking,sauce,sauc,pie,chip,pumpkin,cola,flour,miniature,king,gin,clove,wheat,appl,egg,whole,applesauce,ginger,c,ling,soda,chocol,ground,,,,,,,,,,,,,,,,,,,,,,
339,ice,vine,honey,milk,tea,cornmeal,co,powder,buckwheat,de,salt,baking,vinegar,rice,tapioca,flour,king,wheat,egg,corn,of,beaten,butter,meal,c,soda,,,,,,,,,,,,,,,,,,,,,,,,,,,,,,,
401,oil,ice,onion,fresh,parsley,chopped,minc,garlic,tea,masala,pea,chickpea,orang,slice,almond,clove,caul,garam,orange,bean,zest,and,cauliflow,chop,gra,c,farro,,,,,,,,,,,,,,,,,,,,,,,,,,,,,,
500,brown,oil,chopped,nut,cinnamon,vanilla,tea,round,powder,de,sugar,salt,extract,baking,zucchini,flour,king,walnut,wheat,germ,veget,egg,whole,chop,gra,acke,raisin,c,soda,ground,,,,,,,,,,,,,,,,,,,,,,,,,,,
143,vanilla,white,tea,powder,de,sugar,salt,extract,baking,mash,bananas,sour,flour,king,margarin,cream,egg,banana,margarine,c,soda,,,,,,,,,,,,,,,,,,,,,,,,,,,,,,,,,,,,
198,oil,seasoning,taste,onion,rum,fresh,chopped,herb,minc,garlic,round,bell,tomato,her,dri,season,feta,piece,oliv,pie,spaghetti,zucchini,green,gin,cheese,crumbl,clove,size,squash,chees,pepper,chop,sea,black,c,ground,,,,,,,,,,,,,,,,,,,,,
317,bulk,breakfast,milk,sausag,de,sausage,red,baking,mix,evapor,king,cheese,egg,sage,biscuit,chees,c,,,,,,,,,,,,,,,,,,,,,,,,,,,,,,,,,,,,,,,,
6,oil,cayenne,cinnamon,white,tea,round,sugar,sweet,oliv,paprika,cayenn,blanc,almond,pepper,c,ground,,,,,,,,,,,,,,,,,,,,,,,,,,,,,,,,,,,,,,,,,
94,oil,cayenne,ice,nero,onion,chopped,potato,seed,cube,tea,round,habanero,caraway,tomato,de,peel,broth,paprika,cayenn,green,flour,carrot,eel,veget,pepper,chile,chuck,and,chop,black,beef,c,ground,,,,,,,,,,,,,,,,,,,,,,,,
415,vanilla,white,milk,tea,co,powder,buttermilk,tin,de,sugar,salt,extract,baking,flour,king,veget,egg,shortening,butter,shorten,c,soda,,,,,,,,,,,,,,,,,,,,,,,,,,,,,,,,,,,
473,oil,vine,chunkswater,potato,roast,weed,tea,water,round,de,dri,salt,red,oliv,vinegar,zucchini,sour,flour,carrot,cream,pepper,chuck,black,dill,beef,c,ground,,,,,,,,,,,,,,,,,,,,,,,,,,,,,,
103,honey,tea,water,yeast,salt,flour,bread,wheat,whole,lard,acke,rack,c,,,,,,,,,,,,,,,,,,,,,,,,,,,,,,,,,,,,,,,,,,,,
178,oil,honey,water,yeast,de,salt,flour,veget,c,,,,,,,,,,,,,,,,,,,,,,,,,,,,,,,,,,,,,,,,,,,,,,,,
152,oil,chopped,artichoke,milk,water,oili,tomato,de,dri,artichok,red,sauce,sauc,margarin,cheese,heart,chees,package,margarine,and,chop,pesto,butter,c,ling,,,,,,,,,,,,,,,,,,,,,,,,,,,,,,,,
325,ice,allspic,nut,cinnamon,nutmeg,allspice,white,tea,round,spice,apple,powder,de,sugar,salt,sweet,baking,sauce,sauc,zucchini,flour,king,carrot,appl,egg,applesauce,gra,c,soda,ground,,,,,,,,,,,,,,,,,,,,,,,,,,,
72,ice,onion,potato,oat,cube,tea,tin,peel,baking,green,slice,king,eel,packet,egg,pepper,beaten,acke,black,c,,,,,,,,,,,,,,,,,,,,,,,,,,,,,,,,,,,,,
353,brown,onion,pineapple,fresh,chopped,mustard,cilantro,seed,minc,tea,apple,bell,loin,de,pine,sugar,red,root,green,pineappl,gin,tenderloin,appl,star,jalapeno,pepper,ginger,and,chop,c,pork,,,,,,,,,,,,,,,,,,,,,,,,,,
344,oil,chopped,nut,vanilla,white,milk,tea,buttermilk,sugar,extract,baking,mash,bananas,flour,king,walnut,veget,egg,banana,chop,ripe,butter,c,soda,,,,,,,,,,,,,,,,,,,,,,,,,,,,,,,,,
263,meatless,ice,onion,chopped,bouillon,tea,water,round,tomato,celery,mix,meat,sauce,sauc,spaghetti,green,slice,veget,pepper,chile,package,granul,chop,gra,black,beef,c,ground,,,,,,,,,,,,,,,,,,,,,,,,,,,,,
271,sherry,taste,fresh,mustard,minc,garlic,tea,thyme,apple,powder,her,loin,de,dri,sauce,sauc,root,gin,tenderloin,clove,appl,star,ginger,c,pork,soy,,,,,,,,,,,,,,,,,,,,,,,,,,,,,,,
123,taste,chopped,nut,chocolate,vanilla,white,tea,co,apple,powder,de,sugar,extract,baking,sauce,sauc,fat,chip,puree,bananas,cola,flour,miniature,king,walnut,pure,yogurt,appl,egg,gum,banana,applesauce,plain,chop,ripe,c,soda,chocol,,,,,,,,,,,,,,,,,,,
118,honey,white,milk,tea,yeast,de,sugar,salt,flour,bread,of,butter,c,,,,,,,,,,,,,,,,,,,,,,,,,,,,,,,,,,,,,,,,,,,,
112,brown,chocolate,vanilla,whipping,white,tea,water,co,heavy,de,sugar,pea,extract,sweet,baking,chip,cola,flour,semisweet,king,spread,cookie,whip,cream,egg,of,butter,c,hot,soda,chocol,,,,,,,,,,,,,,,,,,,,,,,,,,
378,temperature,chopped,nut,vanilla,white,tea,co,powder,her,de,sugar,salt,extract,baking,puree,bananas,flour,king,room,sel,pure,kosher,egg,macadamia,banana,chop,ripe,butter,coarse,c,soda,,,,,,,,,,,,,,,,,,,,,,,,,,
442,oil,taste,ice,onion,chopped,nut,white,tea,water,co,bone,sauce,sauc,boneless,green,rice,breast,slice,bacon,veget,chop,skinless,c,chicken,soy,,,,,,,,,,,,,,,,,,,,,,,,,,,,,,,,
189,brown,taste,ice,onion,fresh,vine,mustard,fluid,cube,white,water,thyme,round,leav,beer,sugar,salt,red,meat,piece,leavessalt,pie,vinegar,wine,flour,slice,bread,carrot,sprig,star,pepper,and,bottle,black,bay,butter,beef,c,stew,ground,,,,,,,,,,,,,,,,,
2,crumbs,onion,rum,minc,tea,water,round,mushroom,de,dri,salt,golden,soup,bread,room,egg,beaten,beef,c,ground,,,,,,,,,,,,,,,,,,,,,,,,,,,,,,,,,,,,,
351,oil,crumbs,taste,rum,lengthwise,round,lemon,de,season,half,salt,red,fli,oliv,paprika,flour,breast,bread,egg,pepper,zest,and,beaten,sea,black,butter,c,chicken,ground,,,,,,,,,,,,,,,,,,,,,,,,,,,,
165,brown,chopped,vanilla,milk,tea,co,powder,buttermilk,de,sugar,salt,extract,sweet,baking,cocoa,sauerkraut,flour,king,egg,and,chop,acke,butter,c,soda,,,,,,,,,,,,,,,,,,,,,,,,,,,,,,,,
324,oil,taste,ice,onion,rum,potato,co,round,de,spring,dri,salt,red,baking,oliv,sour,slice,sheet,king,cheese,bacon,crumbl,cream,drip,Topping,chees,pepper,crisply,sea,black,butter,crisp,c,ground,,,,,,,,,,,,,,,,,,,,,,,
148,oil,taste,ice,fresh,chopped,minc,chanterel,garlic,white,tea,thyme,leav,bone,mushroom,thighs,salt,shallot,piece,oliv,pie,boneless,wine,flour,thigh,piecessalt,slice,shiitake,leaf,room,clove,wild,cream,shiitak,pepper,and,chop,skinless,bay,#NAME?,c,chicken,,,,,,,,,,,,,,,,
301,oil,trout,taste,ice,onion,fresh,minc,garlic,thyme,co,round,lemon,de,salt,sweet,oliv,rosemary,slice,clove,sprig,pepper,rose,whole,sea,black,coarse,c,ground,,,,,,,,,,,,,,,,,,,,,,,,,,,,,
266,oil,vine,roast,balsam,thyme,co,de,dri,salt,oliv,vinegar,peppercorn,rosemary,blade,corn,pepper,rose,mint,chuck,whole,black,butter,beef,stock,c,,,,,,,,,,,,,,,,,,,,,,,,,,,,,,,,
137,oil,taste,oat,milk,tea,co,buttermilk,tin,salt,piece,paprika,pie,flour,veget,pepper,frying,and,butter,c,chicken,paprikasalt,,,,,,,,,,,,,,,,,,,,,,,,,,,,,,,,,,,,
387,brown,cinnamon,vanilla,oat,white,tea,round,apple,powder,de,sugar,salt,extract,red,baking,sauce,sauc,mash,zucchini,bananas,flour,king,wheat,appl,egg,banana,whole,applesauce,acke,ripe,c,soda,ground,,,,,,,,,,,,,,,,,,,,,,,,
371,oil,nut,chocolate,cinnamon,vanilla,white,milk,tea,co,round,powder,de,sugar,salt,extract,sweet,baking,chip,cocoa,zucchini,sour,cola,flour,semisweet,king,clove,walnut,veget,egg,gra,butter,c,soda,chocol,ground,,,,,,,,,,,,,,,,,,,,,,
469,seed,lengthwise,de,half,red,gin,cheese,cream,chees,jalapeno,pepper,casing*,of,package,c,,,,,,,,,,,,,,,,,,,,,,,,,,,,,,,,,,,,,,,,,,
336,oil,sherry,crumbs,ice,onion,rum,garlic,tea,co,round,powder,her,de,season,salt,broth,sauce,sauc,flour,slice,king,bread,cooking,veget,egg,pepper,sea,black,beef,c,ground,,,,,,,,,,,,,,,,,,,,,,,,,,
283,ice,onion,cottag,roast,garlic,white,tea,thyme,co,round,oregano,tomato,de,dri,sugar,cottage,salt,red,past,shell,cheese,leaf,mani,mozzarella,paste,egg,chees,pepper,package,and,gra,beaten,black,bay,beef,c,ground,,,,,,,,,,,,,,,,,,,,
432,oil,cayenne,ice,onion,chopped,potato,minc,garlic,tea,thyme,round,leav,bell,tomato,de,dri,half,celery,sweet,oliv,cayenn,rib,green,clove,ribs,veget,pepper,shank,chop,black,bay,c,pork,ground,,,,,,,,,,,,,,,,,,,,,,,
395,ice,fresh,chopped,vine,penn,roast,garlic,co,leav,bone,bell,de,red,sauce,sauc,vinegar,boneless,wine,past,breast,slice,basil,king,broccoli,cooking,cream,pepper,package,chop,skinless,pasta,stock,c,chicken,,,,,,,,,,,,,,,,,,,,,,,
233,chopped,nut,cinnamon,vanilla,white,milk,tea,co,round,powder,de,sugar,extract,sweet,baking,cocoa,flour,king,walnut,egg,of,chop,butter,c,soda,ground,,,,,,,,,,,,,,,,,,,,,,,,,,,,,,,
1,brown,crumbs,rum,nut,cinnamon,vanilla,nutmeg,whipping,milk,tea,co,round,heavy,lemon,de,sugar,salt,extract,sweet,ham,puree,pumpkin,gin,cracker,clove,whip,cream,pure,egg,ginger,zest,gra,acke,condens,butter,rack,Cream,graham,c,ling,ground,,,,,,,,,,,,,,,,
345,chopped,nut,white,milk,tea,powder,de,sugar,salt,baking,bananas,flour,king,link,walnut,footnote,egg,banana,shortening,chop,ripe,shorten,c,soda,,,,,,,,,,,,,,,,,,,,,,,,,,,,,,,,,
64,mapl,syrup,tea,powder,de,sugar,salt,baking,mash,bananas,flour,king,maple,turbinado,egg,banana,beaten,ripe,butter,c,,,,,,,,,,,,,,,,,,,,,,,,,,,,,,,,,,,,,
349,oil,seed,white,tea,water,yeast,sugar,salt,oliv,flour,spelt,egg,gum,whole,gra,beaten,grain,envelope,c,,,,,,,,,,,,,,,,,,,,,,,,,,,,,,,,,,,,,,
43,oil,vine,whipping,tea,flake,round,heavy,bone,de,sodium,season,salt,red,glutamate,vinegar,boneless,monosodium,noodl,breast,whip,cream,cider,veget,egg,pepper,package,sea,skinless,black,c,chicken,ground,,,,,,,,,,,,,,,,,,,,,,,,,
110,oil,ice,nut,minc,garlic,white,tea,co,round,bone,salt,pea,red,cornstarch,sauce,peanut,sauc,boneless,rice,breast,sesam,gin,broccoli,clove,long-grain,veget,star,corn,pepper,ginger,gra,grain,sesame,skinless,#NAME?,c,chicken,ground,soy,,,,,,,,,,,,,,,,,,
376,oil,ice,juic,chocolate,ju,vanilla,white,superfine,milk,tea,water,co,oili,lemon,buttermilk,juice,sugar,salt,extract,sweet,baking,cola,flour,king,egg,butter,c,ling,soda,chocol,,,,,,,,,,,,,,,,,,,,,,,,,,,
279,ice,chocolate,vanilla,tea,co,powder,de,sugar,salt,sweet,baking,mix,mash,chip,bananas,cola,slice,semisweet,king,almond,turbinado,egg,protein,banana,ripe,butter,coarse,c,cacao,soda,chocol,,,,,,,,,,,,,,,,,,,,,,,,,,
285,brown,oil,ice,coconut,chopped,nut,vanilla,white,milk,tea,co,flake,apple,sugar,peel,salt,extract,baking,flour,king,walnut,eel,veget,appl,egg,of,chop,butter,raisin,c,soda,,,,,,,,,,,,,,,,,,,,,,,,,,
358,oil,seasoning,ice,steak,onion,tea,tortilla,round,bone,bell,season,red,mix,boneless,green,flour,slice,yellow,veget,pepper,tortillasSalsa,package,sea,beef,#NAME?,c,,,,,,,,,,,,,,,,,,,,,,,,,,,,,,,
117,ice,onion,fresh,chopped,potato,minc,garlic,white,tea,thyme,co,round,de,reduced-sodium,sodium,peel,broth,sweet,red,wine,rice,flour,cheese,clove,eel,chees,pepper,of,and,chop,black,butter,c,chicken,ground,,,,,,,,,,,,,,,,,,,,,,
380,mustard,turmer,minc,garlic,tea,round,bone,powder,cumin,de,sauce,piece,sauc,pie,gin,chili,clove,star,ginger,c,chicken,ground,,,,,,,,,,,,,,,,,,,,,,,,,,,,,,,,,,,
302,oil,seasoning,ice,juic,fresh,ju,minc,garlic,tea,food,lemon,juice,de,dri,peel,season,seafood,sauce,sauc,basil,clove,shrimp,eel,veget,pepper,and,sea,c,,,,,,,,,,,,,,,,,,,,,,,,,,,,,
421,brown,oil,seed,milk,water,bran,powder,yeast,de,sugar,salt,fat,flour,sesam,bread,wheat,germ,veget,egg,whole,sesame,c,,,,,,,,,,,,,,,,,,,,,,,,,,,,,,,,,,,
284,oil,cranberri,nut,chocolate,cinnamon,nutmeg,white,tea,co,round,de,berri,dri,sugar,salt,sweet,baking,chip,pumpkin,cola,flour,semisweet,king,gin,clove,veget,egg,ginger,beaten,c,soda,chocol,ground,,,,,,,,,,,,,,,,,,,,,,,,
196,crumbs,onion,rum,fresh,chopped,nut,minc,garlic,tea,water,flake,round,red,sauce,sauc,root,green,gin,bread,bun,chili,clove,pepper,of,chestnut,ginger,chop,c,ground,soy,,,,,,,,,,,,,,,,,,,,,,,,,,,
170,brown,ice,onion,juic,parsley,ju,tea,thyme,flake,leav,lemon,tomato,juice,dri,sugar,salt,red,sauce,sauc,rib,ribs,pepper,bay,beef,c,,,,,,,,,,,,,,,,,,,,,,,,,,,,,,,,
483,ice,onion,rum,fresh,parsley,chopped,vine,mustard,potato,white,co,sugar,red,piece,pie,vinegar,wine,slice,%,bacon,crumbl,star,and,chop,#NAME?,c,,,,,,,,,,,,,,,,,,,,,,,,,,,,,,,
80,oil,taste,Cake,coconut,chopped,nut,vanilla,white,tea,co,flake,tin,de,sugar,salt,extract,red,baking,cocktail,flour,king,margarin,cheese,carrot,walnut,cream,veget,egg,chees,of,package,fruit,margarine,chop,c,soda,,,,,,,,,,,,,,,,,,,,,
410,oil,taste,fresh,parsley,chopped,minc,garlic,tea,thyme,round,de,salt,oliv,dough,rosemary,basil,gin,pepper,rose,and,chop,black,pizza,c,ground,,,,,,,,,,,,,,,,,,,,,,,,,,,,,,,,
471,chopped,chocolate,creme,white,milk,tea,bar,co,buttermilk,nougat,de,sugar,sweet,red,baking,chip,evapor,cola,flour,semisweet,king,margarin,egg,marshmallow,margarine,and,chop,candy,butter,caramel,pecan,c,soda,chocol,,,,,,,,,,,,,,,,,,,,,,,
235,oil,nut,honey,oat,tea,water,round,yeast,de,salt,oliv,flour,wheat,macadamia,c,ground,,,,,,,,,,,,,,,,,,,,,,,,,,,,,,,,,,,,,,,,,
36,ice,cinnamon,vanilla,white,milk,tea,co,round,spice,powder,buttermilk,tin,de,sugar,extract,baking,pie,puree,pumpkin,flour,cake,king,gin,cheese,cream,pure,egg,chees,of,package,ginger,butter,c,ground,,,,,,,,,,,,,,,,,,,,,,,
55,ice,onion,rum,chipotl,chopped,chorizo,minc,garlic,tea,tomato,de,salt,red,sauce,sauc,paprika,fat,chip,chipotle,sour,crumbl,clove,cream,bean,pepper,smoke,adobo,kidney,chop,black,c,,,,,,,,,,,,,,,,,,,,,,,,,,
388,brown,nut,cinnamon,vanilla,nutmeg,tea,round,apple,powder,de,sugar,salt,extract,baking,pastry,sauce,sauc,past,flour,king,appl,egg,applesauce,shortening,acke,shorten,c,ground,,,,,,,,,,,,,,,,,,,,,,,,,,,,,
130,onion,chopped,de,red,yellow,cheese,chees,package,chop,c,,,,,,,,,,,,,,,,,,,,,,,,,,,,,,,,,,,,,,,,,,,,,,,
259,oil,white,tea,water,yeast,sugar,salt,canola,flour,bread,c,,,,,,,,,,,,,,,,,,,,,,,,,,,,,,,,,,,,,,,,,,,,,,
22,brown,cinnamon,vanilla,tea,co,round,apple,powder,de,sugar,salt,extract,sweet,red,baking,sauce,sauc,chip,cocoa,zucchini,flour,king,wheat,appl,egg,whole,applesauce,c,soda,ground,,,,,,,,,,,,,,,,,,,,,,,,,,,
73,taste,onion,chopped,turmer,seed,round,bone,bell,turmericsalt,de,salt,boneless,green,breast,pepper,and,chop,skinless,butter,c,chicken,ground,,,,,,,,,,,,,,,,,,,,,,,,,,,,,,,,,,,
23,fresh,baby,co,leav,cava,fusilli,de,dri,peel,red,spinach,past,cheese,shrimp,eel,chees,package,cavatappi,pasta,c,,,,,,,,,,,,,,,,,,,,,,,,,,,,,,,,,,,,,
384,oil,taste,potato,round,bone,de,salt,red,baking,sauce,piece,sauc,pie,boneless,breast,king,cheese,size,buttersalt,veget,chees,pepper,and,skinless,black,butter,c,hot,chicken,ground,,,,,,,,,,,,,,,,,,,,,,,,,,,
166,chopped,nut,chocolate,cinnamon,vanilla,milk,tea,co,round,apple,buttermilk,tin,de,extract,sweet,red,baking,mix,sauce,sauc,cola,king,walnut,appl,egg,frosting,package,applesauce,chop,condens,butter,c,chocol,ground,,,,,,,,,,,,,,,,,,,,,,,
41,brown,taste,onion,chopped,vine,mustard,roast,tea,bone,powder,tomato,de,sugar,salt,sauce,sauc,vinegar,boneless,chili,star,chuck,chop,beef,c,soy,,,,,,,,,,,,,,,,,,,,,,,,,,,,,,,,
456,chocolate,vanilla,white,milk,tea,co,buttermilk,sugar,salt,extract,sweet,red,baking,chip,cola,flour,king,egg,shortening,butter,shorten,c,soda,chocol,,,,,,,,,,,,,,,,,,,,,,,,,,,,,,,,,
370,sherry,onion,roast,co,bone,mushroom,her,de,broth,mix,boneless,soup,room,cream,of,chuck,condens,envelope,beef,c,,,,,,,,,,,,,,,,,,,,,,,,,,,,,,,,,,,,,
274,taste,ice,onion,juic,bella,chopped,baby,ju,tea,thyme,mushroom,bell,lemon,juice,de,dri,half,salt,sweet,half-and-halfsalt,pastry,wine,past,flour,slice,room,crimini,egg,half-and-half,pepper,package,and,chop,beaten,puff,butter,c,,,,,,,,,,,,,,,,,,,,
361,oil,chopped,nut,cinnamon,vanilla,white,tea,round,apple,sugar,extract,baking,flour,king,walnut,veget,appl,egg,chop,c,soda,ground,,,,,,,,,,,,,,,,,,,,,,,,,,,,,,,,,,,
403,taste,dress,mustard,salad,garlic,mayonnais,round,salt,sweet,red,mayonnaise,paprika,yellow,cream,wasabi,egg,star,pepper,dressing,garnish,pickl,garni,black,c,ground,,,,,,,,,,,,,,,,,,,,,,,,,,,,,,,,
312,nut,vanilla,white,milk,tea,powder,de,sugar,extract,red,baking,flour,cake,king,egg,butternut,butter,c,,,,,,,,,,,,,,,,,,,,,,,,,,,,,,,,,,,,,,,
116,oil,white,tea,water,yeast,de,sugar,salt,flour,bread,veget,c,,,,,,,,,,,,,,,,,,,,,,,,,,,,,,,,,,,,,,,,,,,,,
477,white,milk,tea,cornmeal,co,sugar,salt,puree,pumpkin,pure,egg,corn,butter,meal,c,,,,,,,,,,,,,,,,,,,,,,,,,,,,,,,,,,,,,,,,,,
251,ice,white,milk,tea,co,bone,de,season,salt,pea,piece,pie,boneless,rice,breast,soup,carrot,size,cream,of,package,and,condens,sea,skinless,c,chicken,,,,,,,,,,,,,,,,,,,,,,,,,,,,,,
475,seasoning,taste,chipotl,taco,chopped,bouillon,tortilla,co,tomato,de,season,red,mix,sauce,sauc,chip,puree,pumpkin,chipotle,king,cheese,wheat,cooking,pure,bean,chees,pepper,package,whole,adobo,granul,chop,gra,turkey,spray,sea,c,chicken,,,,,,,,,,,,,,,,,,,
320,oil,taste,ice,juic,fresh,miso,seed,ju,Pork,minc,whipping,cube,white,co,spice,her,juice,loin,togarashi,de,salt,shallot,sauce,sauc,cold,cubesKosher,tenderloinsKosher,canola,wine,past,sesam,gin,tenderloin,whip,paste,cream,ginger,sesame,black,butter,#NAME?,c,pork,soy,lime,,,,,,,,,,,,
309,ice,fresh,bulk,blend,tea,cornmeal,co,mushroom,sausag,de,sausage,red,sauce,sauc,dough,slice,basil,cheese,room,sage,corn,chees,pepper,and,meal,pizza,c,,,,,,,,,,,,,,,,,,,,,,,,,,,,,,
486,oil,ice,juic,ju,minc,garlic,trimmed,tea,round,lemon,juice,salt,pea,oliv,cheese,asparagu,bun,clove,chees,pepper,gra,asparagus,sea,black,c,ground,pear,,,,,,,,,,,,,,,,,,,,,,,,,,,,,,
368,chopped,vanilla,white,milk,tea,co,powder,de,sugar,salt,extract,baking,flour,king,cream,egg,of,chop,butter,pecan,c,,,,,,,,,,,,,,,,,,,,,,,,,,,,,,,,,,,,
270,oil,ice,onion,potato,baby,roast,cube,water,bone,mushroom,peel,mix,oliv,boneless,green,slice,soup,room,carrot,cream,eel,bean,of,package,chuck,and,beef,#NAME?,c,,,,,,,,,,,,,,,,,,,,,,,,,,,,
90,onion,chopped,fluid,white,tea,water,co,sugar,broth,cornstarch,sauce,sauc,cold,green,bun,egg,star,corn,chop,c,chicken,soy,,,,,,,,,,,,,,,,,,,,,,,,,,,,,,,,,,,
188,oil,coconut,chopped,nut,seed,vanilla,roast,flax,white,tea,co,apple,sugar,salt,extract,baking,sauce,sauc,mash,bananas,sour,flour,king,almond,chia,wheat,cream,appl,egg,banana,whole,applesauce,and,chop,sea,butter,c,soda,,,,,,,,,,,,,,,,,,,
247,crumbs,rum,round,de,Salad,gin,bread,packet,egg,beaten,acke,beef,c,ground,,,,,,,,,,,,,,,,,,,,,,,,,,,,,,,,,,,,,,,,,,,
230,oil,ice,juic,cinnamon,ju,vanilla,white,tea,co,round,powder,lemon,juice,de,sugar,salt,extract,sweet,cornstarch,baking,zucchini,canola,rice,tapioca,flour,king,egg,star,gum,corn,c,soda,ground,,,,,,,,,,,,,,,,,,,,,,,,
30,ice,onion,juic,chopped,ju,oat,tea,round,tomato,juice,salt,roll,egg,pepper,chop,black,beef,c,ground,,,,,,,,,,,,,,,,,,,,,,,,,,,,,,,,,,,,,,
478,oil,lengthwise,white,tea,powder,de,sugar,peel,baking,bananas,flour,king,eel,veget,egg,banana,and,c,soda,,,,,,,,,,,,,,,,,,,,,,,,,,,,,,,,,,,,,,
157,oil,taste,onion,fresh,chopped,vine,ju,minc,vinegarsalt,garlic,white,balsam,tea,water,co,round,leav,de,berri,sugar,salt,broth,celery,red,vinegar,cold,wine,rib,snap,gin,clove,carrot,ribs,cider,junip,veget,pepper,whole,ginger,and,chop,juniper,ribssalt,black,bay,butter,beef,c,chicken,ground,,,,,,,
45,oil,chopped,vanilla,white,tea,powder,de,sugar,salt,extract,baking,mash,bananas,flour,king,veget,egg,banana,chop,pecan,c,soda,,,,,,,,,,,,,,,,,,,,,,,,,,,,,,,,,,,
405,taste,onion,minc,milk,tea,water,round,de,salt,red,zucchini,flour,basil,pepper,black,butter,c,ground,,,,,,,,,,,,,,,,,,,,,,,,,,,,,,,,,,,,,,,
13,chopped,honey,cinnamon,vanilla,tea,round,salt,extract,baking,mash,bananas,king,gin,banana,chop,gra,ripe,grain,Flour,pecan,c,soda,ground,,,,,,,,,,,,,,,,,,,,,,,,,,,,,,,,,,
32,chopped,nut,white,tea,powder,de,sugar,salt,baking,mash,flour,king,walnut,egg,of,banana,chop,butter,c,soda,,,,,,,,,,,,,,,,,,,,,,,,,,,,,,,,,,,,,
171,oil,onion,ale,fresh,chopped,nut,vine,kale,stem,minc,nutmeg,garlic,balsam,wash,tea,co,round,tin,de,half,salt,broth,red,shallot,sauce,oliv,sauc,container,vinegar,puree,pumpkin,spinach,firm,cheese,pure,ricotta,egg,sage,half-and-half,chees,pepper,package,fir,and,chop,gra,acke,c,chicken,ground,,,,,,,
407,ice,fresh,minc,garlic,co,bone,de,salt,cornstarch,sauce,sauc,boneless,rice,orang,breast,king,clove,marmalad,cooking,veget,orange,star,corn,marmalade,spray,skinless,c,hot,chicken,soy,,,,,,,,,,,,,,,,,,,,,,,,,,,
18,ice,fresh,oat,tea,cross,water,her,salt,ham,slice,cheese,asparagu,goat,kosher,chees,chive,of,asparagus,#NAME?,c,,,,,,,,,,,,,,,,,,,,,,,,,,,,,,,,,,,,,
172,oil,seasoning,ice,onion,juic,fresh,parsley,chopped,ju,milk,tea,co,flake,bone,buttermilk,juice,de,season,salt,pea,broth,piece,oliv,pie,boneless,cereal,flour,orang,breast,leaf,carrot,orange,corn,chop,sea,skinless,dill,butter,#NAME?,c,chicken,,,,,,,,,,,,,,,,
214,ice,juic,parsley,chopped,mustard,ju,minc,garlic,tea,co,lemon,juice,de,salt,red,piece,pie,zucchini,cod,dab,gin,fillet,clove,carrot,star,chive,pepper,zest,chop,gra,c,,,,,,,,,,,,,,,,,,,,,,,,,,
167,brown,taste,ice,onion,rum,chopped,nut,potato,seed,cube,white,tea,co,spice,apple,powder,de,sugar,peel,salt,sweet,red,wine,green,bacon,crumbl,carrot,cream,eel,appl,squash,pepper,powdersalt,and,five-spice,chop,five-spic,butternut,butter,#NAME?,c,,,,,,,,,,,,,,,,
192,oil,taste,ice,onion,fresh,chopped,weed,garlic,tea,matzo,peel,salt,celery,slice,yellow,bun,clove,carrot,choppedsalt,eel,parsnip,veget,egg,pepper,whole,and,chop,dill,meal,c,chicken,,,,,,,,,,,,,,,,,,,,,,,,,,
258,brown,oil,ice,vanilla,syrup,tea,co,powder,de,sugar,extract,popcorn,baking,rice,cereal,king,veget,corn,acke,butter,pecan,crisp,c,,,,,,,,,,,,,,,,,,,,,,,,,,,,,,,,,,
428,taste,ice,onion,juic,fresh,parsley,chopped,mustard,ju,tea,mayonnais,water,lemon,juice,salt,mayonnaise,green,fillet,tarragon,star,pepper,smoke,of,chop,black,butter,salmon,c,,,,,,,,,,,,,,,,,,,,,,,,,,,,,
424,taste,ice,juic,fresh,parsley,chopped,parsleysalt,seed,ju,trimmed,round,lemon,juice,salt,sesam,asparagu,pepper,and,chop,asparagus,sesame,black,butter,c,ground,,,,,,,,,,,,,,,,,,,,,,,,,,,,,,,,
297,oil,crumbs,ice,rum,garlic,tea,powder,oregano,loin,de,dri,oliv,rice,rosemary,basil,bread,tenderloin,rose,c,pork,,,,,,,,,,,,,,,,,,,,,,,,,,,,,,,,,,,,,
215,oil,potato,tea,water,powder,de,sweet,baking,pie,pumpkin,flour,king,veget,c,ling,soda,,,,,,,,,,,,,,,,,,,,,,,,,,,,,,,,,,,,,,,,,
335,chopped,vanilla,white,tea,candi,powder,her,de,sugar,salt,extract,baking,cherri,flour,king,cheese,cream,egg,chees,of,package,and,chop,butter,pecan,c,,,,,,,,,,,,,,,,,,,,,,,,,,,,,,,
493,oil,taste,ice,juic,fresh,parsley,chopped,ju,minc,garlic,white,tea,round,linguin,lemon,juice,de,peel,salt,broth,oliv,wine,past,zestsalt,basil,clove,shrimp,eel,pepper,package,zest,and,chop,black,pasta,butter,c,ling,chicken,ground,,,,,,,,,,,,,,,,,
186,oil,taste,ice,onion,garlic,co,round,bell,tomato,sausag,sausage,salt,oliv,puree,green,slice,pureesalt,rigatoni,cheese,link,clove,mozzarella,pure,ricotta,sage,chees,pepper,carton,package,and,black,beef,#NAME?,c,ground,,,,,,,,,,,,,,,,,,,,,,
256,ice,juic,ju,tea,thyme,round,leav,lemon,juice,dri,breast,basil,pepper,black,c,chicken,ground,,,,,,,,,,,,,,,,,,,,,,,,,,,,,,,,,,,,,,,,
59,vanilla,white,milk,tea,co,powder,de,sugar,extract,baking,cocoa,flour,king,egg,process,shortening,butter,shorten,c,,,,,,,,,,,,,,,,,,,,,,,,,,,,,,,,,,,,,,
308,oil,taste,ice,onion,juic,chopped,ju,cube,white,round,leav,lemon,juice,de,salt,oliv,rosemary,bread,sprig,pepper,rose,whole,and,chop,black,#NAME?,c,chicken,ground,,,,,,,,,,,,,,,,,,,,,,,,,,,,
423,oil,chopped,garlic,tea,oregano,oliv,basil,gin,clove,chop,c,,,,,,,,,,,,,,,,,,,,,,,,,,,,,,,,,,,,,,,,,,,,,,
425,chopped,nut,chocolate,cinnamon,vanilla,white,tea,co,round,powder,de,sugar,salt,extract,sweet,baking,chip,sour,cola,flour,semisweet,king,walnut,cream,egg,of,chop,butter,c,soda,chocol,ground,,,,,,,,,,,,,,,,,,,,,,,,,
28,taste,onion,fresh,parsley,chopped,vine,mustard,white,tea,water,round,bone,horseradish,tomato,de,sugar,salt,red,sauce,sauc,vinegar,rib,radish,ribs,cider,star,pepper,chop,black,beef,c,ground,,,,,,,,,,,,,,,,,,,,,,,,,
400,honey,milk,tea,water,powder,yeast,buttermilk,de,salt,red,flour,margarin,bread,margarine,butter,c,,,,,,,,,,,,,,,,,,,,,,,,,,,,,,,,,,,,,,,,,
282,vanilla,white,tartar,tea,sugar,salt,extract,baking,flour,king,cream,egg,of,butter,c,soda,,,,,,,,,,,,,,,,,,,,,,,,,,,,,,,,,,,,,,,,,
184,white,tea,sugar,salt,baking,mash,bananas,flour,king,egg,banana,beaten,butter,c,soda,,,,,,,,,,,,,,,,,,,,,,,,,,,,,,,,,,,,,,,,,,
416,chopped,nut,chocolate,vanilla,white,milk,tea,bar,co,powder,de,sugar,extract,sweet,baking,cola,flour,cake,king,walnut,egg,chop,gra,beaten,butter,c,chocol,,,,,,,,,,,,,,,,,,,,,,,,,,,,,,
75,taste,ice,onion,fresh,chopped,minc,garlic,co,sausag,de,sausage,red,ziti,sauce,sauc,spaghetti,fat,sour,spinach,past,cheese,bun,broccoli,clove,carrot,mozzarella,cream,sage,chees,smoke,chop,turkey,pasta,c,,,,,,,,,,,,,,,,,,,,,,,
101,brown,oil,ice,allspic,chopped,vanilla,allspice,white,tea,co,round,spice,apple,de,sugar,peel,half,salt,extract,red,baking,flour,king,cream,eel,veget,appl,egg,half-and-half,of,and,chop,butter,raisin,pecan,c,soda,ground,,,,,,,,,,,,,,,,,,,
245,cranberri,ice,chocolate,dark,co,bran,berri,dri,sugar,brand,sweet,cereal,cola,flour,slice,spread,margarin,almond,sel,margarine,and,gra,grain,butter,c,chocol,,,,,,,,,,,,,,,,,,,,,,,,,,,,,,,
340,chopped,yolk,white,tea,sugar,salt,piece,pie,past,flour,almond,paste,egg,of,and,chop,butter,c,,,,,,,,,,,,,,,,,,,,,,,,,,,,,,,,,,,,,,,
321,oil,ice,onion,fresh,nut,minc,tea,water,co,bell,loin,de,sweet,red,sauce,piece,sauc,pie,green,rice,sour,sesam,slice,gin,tenderloin,broccoli,carrot,gingerHot,pepper,chestnut,ginger,and,sesame,#NAME?,c,pork,,,,,,,,,,,,,,,,,,,,,
86,white,tea,powder,de,sugar,salt,baking,mash,lowfat,fat,bananas,flour,king,cheese,cream,egg,chees,banana,c,,,,,,,,,,,,,,,,,,,,,,,,,,,,,,,,,,,,,,
437,oil,barbecu,chopped,bar,co,bone,bell,sauce,sauc,boneless,green,breast,sheet,corn,pepper,package,barbecue,whole,chop,skinless,#NAME?,c,chicken,,,,,,,,,,,,,,,,,,,,,,,,,,,,,,,,,,
33,oil,taste,cranberri,ice,onion,juic,fresh,parsley,chopped,nut,seed,ju,apricot,cube,zucchinis,co,juice,de,berri,dri,peel,oliv,zucchini,green,bun,eel,veget,squash,and,quinoa,chop,butternut,butter,stock,#NAME?,c,lime,,,,,,,,,,,,,,,,,,,,
459,oat,cube,milk,tea,bone,tin,piece,pie,boneless,breast,packet,star,acke,skinless,#NAME?,c,chicken,,,,,,,,,,,,,,,,,,,,,,,,,,,,,,,,,,,,,,,,
46,white,milk,tea,water,powder,yeast,de,sugar,salt,flour,bread,of,butter,c,,,,,,,,,,,,,,,,,,,,,,,,,,,,,,,,,,,,,,,,,,,
134,ice,garlic,tea,co,round,bell,powder,de,past,slice,cheese,broccoli,carrot,corkscrew,chees,pepper,of,gra,black,pasta,Cream,c,ground,,,,,,,,,,,,,,,,,,,,,,,,,,,,,,,,,,
286,brown,cinnamon,vanilla,tea,round,sugar,salt,extract,baking,mash,bananas,flour,firm,king,egg,banana,fir,acke,ripe,c,soda,ground,,,,,,,,,,,,,,,,,,,,,,,,,,,,,,,,,,,
480,crumbs,ice,rum,juic,fresh,parsley,chopped,ju,minc,garlic,round,mushroom,lemon,juice,bread,cheese,room,clove,cream,sage,chees,of,package,chop,gra,c,,,,,,,,,,,,,,,,,,,,,,,,,,,,,,,
66,fire,fresh,bulk,roast,co,leav,tomato,sausag,de,sausage,red,ziti,sauce,sauc,past,basil,king,cheese,mozzarella,cooking,ricotta,egg,sage,chees,fir,pasta,c,pork,,,,,,,,,,,,,,,,,,,,,,,,,,,,,
62,oil,nut,white,tea,water,yeast,berry,sugar,salt,pea,peanut,flour,bread,wheat,veget,blackberry,whole,black,butter,c,,,,,,,,,,,,,,,,,,,,,,,,,,,,,,,,,,,,,
319,vanilla,white,milk,tea,water,powder,lemon,de,sugar,salt,extract,baking,flour,king,egg,butter,raisin,c,hot,,,,,,,,,,,,,,,,,,,,,,,,,,,,,,,,,,,,,,
260,taste,ice,dress,onion,chopped,vine,mustard,vinegarsalt,salad,white,tea,bell,sugar,salt,celery,red,oliv,vinegar,seashell,green,past,slice,shell,shrimp,cream,star,pepper,dressing,package,and,chop,sea,black,pasta,c,,,,,,,,,,,,,,,,,,,,,,
389,oil,seasoning,taste,ice,juic,potato,ju,garlic,tea,water,lemon,juice,de,thighs,season,salt,red,oliv,thigh,sea,skinless,c,chicken,,,,,,,,,,,,,,,,,,,,,,,,,,,,,,,,,,
246,oil,sherry,ice,fresh,nut,honey,seed,garlic,tea,water,co,bone,her,loin,de,reduced-sodium,sodium,peel,coleslaw,salt,pea,red,cornstarch,mix,sauce,piece,sauc,pie,boneless,root,rice,sesam,slice,gin,chili,broccoli,clove,eel,veget,star,corn,package,chestnut,ginger,and,garnish,sesame,garni,c,hot,pork,soy,,,,,
185,brown,yolk,dark,cinnamon,vanilla,white,tartar,tea,round,sugar,salt,extract,baking,flour,king,cream,yogurt,egg,of,plain,acke,butter,c,soda,ground,,,,,,,,,,,,,,,,,,,,,,,,,,,,,,,,
485,oil,taste,anis,seed,ju,roast,minc,anise,garlic,water,round,bone,bell,salt,oliv,boneless,green,flour,sesam,clove,pepper,chuck,and,sesame,black,beef,floursalt,c,ground,,,,,,,,,,,,,,,,,,,,,,,,,,,,
183,honey,milk,tea,co,round,powder,yeast,buttermilk,de,salt,red,powdercooking,vitamin,flour,king,gin,wheat,cooking,whole,ginger,spray,butter,c,ground,,,,,,,,,,,,,,,,,,,,,,,,,,,,,,,,,
38,vanilla,white,milk,tea,water,co,powder,de,sugar,salt,extract,red,baking,evapor,flour,king,egg,shortening,beaten,butter,shorten,c,hot,,,,,,,,,,,,,,,,,,,,,,,,,,,,,,,,,,
121,oil,white,tea,water,yeast,de,sugar,salt,flour,bread,veget,package,c,,,,,,,,,,,,,,,,,,,,,,,,,,,,,,,,,,,,,,,,,,,,
366,seasoning,onion,potato,baby,roast,co,de,season,celery,red,mix,yellow,soup,carrot,cream,of,package,chuck,condens,sea,envelope,beef,c,stew,,,,,,,,,,,,,,,,,,,,,,,,,,,,,,,,,
396,oil,ice,onion,chopped,potato,minc,garlic,cube,tea,water,thyme,co,round,leav,powder,de,dri,peel,salt,broth,cornstarch,meat,canola,flour,carrot,eel,veget,star,corn,pepper,and,chop,black,bay,beef,c,stew,ground,,,,,,,,,,,,,,,,,,,
139,potato,honey,milk,tea,water,flake,yeast,salt,mash,flour,margarin,wheat,egg,package,whole,margarine,beaten,c,,,,,,,,,,,,,,,,,,,,,,,,,,,,,,,,,,,,,,,
126,temperature,vanilla,white,milk,tea,powder,buttermilk,de,sugar,extract,baking,flour,king,room,egg,butter,c,soda,,,,,,,,,,,,,,,,,,,,,,,,,,,,,,,,,,,,,,,
19,ice,rum,seed,mayonnais,co,tomato,de,red,mayonnaise,Salad,sour,lettuc,lettuce,gin,bacon,crumbl,cream,packet,and,acke,c,,,,,,,,,,,,,,,,,,,,,,,,,,,,,,,,,,,,
278,vine,white,de,vinegar,dividedMcCormick,egg,c,,,,,,,,,,,,,,,,,,,,,,,,,,,,,,,,,,,,,,,,,,,,,,,,,,
85,oil,crumbs,taste,dress,onion,rum,chopped,potato,garlic,co,peel,season,salt,celery,mix,oliv,zucchini,bread,sel,eel,dressing,package,and,chop,sea,coarse,c,ranch,,,,,,,,,,,,,,,,,,,,,,,,,,,,,
420,oil,chopped,nut,cinnamon,vanilla,white,tea,round,powder,buckwheat,de,sugar,salt,extract,baking,zucchini,flour,king,walnut,wheat,veget,egg,chop,gra,c,soda,ground,,,,,,,,,,,,,,,,,,,,,,,,,,,,,,
203,oil,fresh,trimmed,co,salt,sesam,asparagu,asparagus,sesame,coarse,c,,,,,,,,,,,,,,,,,,,,,,,,,,,,,,,,,,,,,,,,,,,,,,
81,oil,onion,fresh,parsley,serrano,chopped,seed,lengthwise,garlic,co,bell,tomato,de,peel,half,red,meat,crabmeat,container,chili,clove,eel,veget,pepper,and,chop,c,crab,lime,,,,,,,,,,,,,,,,,,,,,,,,,,,,
225,vanilla,white,milk,tea,powder,de,sugar,extract,baking,flour,king,almond,egg,of,beaten,butter,c,,,,,,,,,,,,,,,,,,,,,,,,,,,,,,,,,,,,,,,,
158,oil,coconut,nut,vine,honey,cinnamon,vanilla,nutmeg,tea,co,round,apple,powder,de,salt,extract,baking,mash,vinegar,bananas,flour,king,almond,cooking,cider,appl,egg,banana,beaten,spray,c,ground,,,,,,,,,,,,,,,,,,,,,,,,,
436,brown,oil,sherry,ice,onion,lentil,fresh,chopped,vine,minc,garlic,balsam,tea,low-sodium,water,thyme,tomato,her,sodium,salt,broth,celery,sauce,oliv,sauc,vinegar,green,leaf,clove,carrot,sprig,kosher,veget,chop,bay,c,chicken,,,,,,,,,,,,,,,,,,,,
363,oil,ice,onion,juic,ju,minc,garlic,tea,thyme,leav,mushroom,bell,lemon,tomato,juice,dri,season,salt,red,oliv,zucchini,slice,basil,sheet,cheese,room,clove,chees,pepper,of,whole,gra,sea,#NAME?,c,,,,,,,,,,,,,,,,,,,,,,
492,chocolate,vanilla,oat,white,tea,co,powder,air,tin,de,sugar,salt,extract,sweet,red,baking,piece,pie,cola,flour,semisweet,king,gin,almond,cookie,sel,Topping,egg,of,granul,and,gra,candy,butter,c,chocol,,,,,,,,,,,,,,,,,,,,,
107,ice,juic,ju,vanilla,tea,co,juice,sugar,salt,extract,flour,orang,orange,egg,butter,c,,,,,,,,,,,,,,,,,,,,,,,,,,,,,,,,,,,,,,,,,
102,onion,fresh,chopped,cilantro,potato,minc,garlic,cube,milk,co,bell,red,green,clove,egg,pepper,package,chop,#NAME?,c,,,,,,,,,,,,,,,,,,,,,,,,,,,,,,,,,,,,,
369,honey,milk,tea,round,powder,yeast,de,salt,vitamin,flour,gin,bread,ginger,butter,c,ground,,,,,,,,,,,,,,,,,,,,,,,,,,,,,,,,,,,,,,,,,
135,oil,chopped,white,milk,tea,buttermilk,sugar,salt,baking,mash,bananas,flour,king,veget,egg,banana,chop,beaten,butter,pecan,c,soda,,,,,,,,,,,,,,,,,,,,,,,,,,,,,,,,,,,
205,temperature,nut,vanilla,nutmeg,white,tea,round,sugar,extract,flour,cake,almond,cheese,room,cream,egg,chees,package,butter,c,ground,,,,,,,,,,,,,,,,,,,,,,,,,,,,,,,,,,,,
479,arugula,baby,garlic,tea,leav,bone,thighs,season,salt,liver,red,spinach,thigh,clove,sea,c,chicken,,,,,,,,,,,,,,,,,,,,,,,,,,,,,,,,,,,,,,,,
295,oil,ice,seed,tea,wing,lemon,de,dri,salt,oliv,paprika,slice,tarragon,pepper,whole,and,black,c,chicken,,,,,,,,,,,,,,,,,,,,,,,,,,,,,,,,,,,,,,
303,oil,taste,onion,fresh,chopped,nut,stem,round,mushroom,pine,salt,oliv,oilsalt,green,room,crimini,pepper,and,chop,black,c,ground,,,,,,,,,,,,,,,,,,,,,,,,,,,,,,,,,,,
52,oil,ice,pineapple,juic,nut,ju,water,co,bone,apple,juice,pine,sweet,sauce,piece,sauc,pie,boneless,sour,breast,pineappl,size,veget,appl,and,skinless,c,chicken,,,,,,,,,,,,,,,,,,,,,,,,,,,,,
291,oil,chopped,nut,white,tea,sugar,salt,baking,mash,bananas,flour,king,walnut,veget,egg,banana,chop,ripe,c,soda,,,,,,,,,,,,,,,,,,,,,,,,,,,,,,,,,,,,,
197,oil,seasoning,barbeque,roast,tea,bar,co,bone,season,roll,broth,liquid,sauce,oliv,sauc,boneless,king,cooking,split,smoke,chuck,spray,sea,beef,c,,,,,,,,,,,,,,,,,,,,,,,,,,,,,,,,
210,mustard,honey,fatRub,garlic,trimmed,tea,water,powder,loin,de,sweet,red,sauce,sauc,paprika,paprikaBaste,fat,sour,yellow,tenderloin,chili,star,of,and,c,pork,,,,,,,,,,,,,,,,,,,,,,,,,,,,,,,
7,brown,fresh,vine,white,tea,round,sausag,dri,sugar,sausage,sauce,sauc,vinegar,ketchup,cracker,egg,sage,beaten,acke,meal,rack,c,pork,ground,soy,,,,,,,,,,,,,,,,,,,,,,,,,,,,,,,,
253,oil,taste,onion,parsley,chopped,fluid,white,co,bone,celery,red,ham,oliv,container,yellow,bun,carrot,choppedSalt,veget,bean,pepper,smoke,package,and,chop,stock,c,,,,,,,,,,,,,,,,,,,,,,,,,,,,,,
430,oil,ice,fresh,chopped,cilantro,chorizo,potato,anis,garlic,tea,co,lemon,de,salt,red,oliv,slice,shell,clove,shrimp,corn,and,chop,butter,c,,,,,,,,,,,,,,,,,,,,,,,,,,,,,,,,
159,seasoning,taste,steak,onion,ju,roast,tea,water,thyme,dri,season,salt,red,mix,wine,rosemary,soup,packet,rose,package,acke,sea,beef,c,,,,,,,,,,,,,,,,,,,,,,,,,,,,,,,,,
37,oil,taste,potato,cinnamon,cube,tea,cross,co,pepperSea,round,peel,salt,sweet,oliv,bacon,eel,pepper,and,black,butter,#NAME?,c,ground,,,,,,,,,,,,,,,,,,,,,,,,,,,,,,,,,,
267,crumbs,rum,parsley,seed,flax,bone,dri,season,boneless,flour,breast,bread,cheese,egg,chees,gra,beaten,sea,skinless,butter,meal,c,chicken,,,,,,,,,,,,,,,,,,,,,,,,,,,,,,,,,,
422,ice,onion,potato,milk,tea,co,round,nonfat,de,salt,red,baking,fat,green,sour,slice,king,cheese,bacon,cream,chees,pepper,black,c,ground,,,,,,,,,,,,,,,,,,,,,,,,,,,,,,,,
399,taste,potato,round,salt,baking,sauce,sauc,king,gin,pepper,of,softenedFrank,and,black,butter,rub,c,hot,ground,,,,,,,,,,,,,,,,,,,,,,,,,,,,,,,,,,,,,,
355,brown,ice,juic,fresh,chopped,nut,cinnamon,ju,white,tea,co,round,powder,lemon,juice,de,sugar,salt,baking,flour,orang,king,sel,carrot,walnut,wheat,orange,egg,of,whole,zest,chop,gra,acke,butter,raisin,coarse,c,ground,,,,,,,,,,,,,,,,,,
391,white,tea,water,yeast,de,sugar,salt,flour,egg,package,rise,butter,c,,,,,,,,,,,,,,,,,,,,,,,,,,,,,,,,,,,,,,,,,,,,
346,cranberri,ice,juic,ju,oat,white,tea,co,powder,lemon,juice,de,berri,dri,sugar,salt,baking,mash,bananas,sour,flour,king,cooking,cream,egg,banana,ripe,butter,c,,,,,,,,,,,,,,,,,,,,,,,,,,,,
47,ice,temperature,juic,avocado,seed,ju,milk,co,lemon,crust,juice,de,peel,sweet,red,ham,mash,pie,cheese,cracker,room,whip,cream,eel,chees,avocados,package,and,gra,acke,ripe,condens,rack,graham,c,lime,,,,,,,,,,,,,,,,,,,,,
243,chopped,cinnamon,white,tea,water,round,powder,de,sugar,salt,baking,mash,bananas,flour,king,clove,egg,banana,shortening,chop,shorten,pecan,c,soda,ground,,,,,,,,,,,,,,,,,,,,,,,,,,,,,,,,
298,salsa,ice,onion,chopped,white,water,co,bone,mushroom,de,red,boneless,rice,breast,soup,cheese,room,cream,chees,of,chop,condens,skinless,c,chicken,,,,,,,,,,,,,,,,,,,,,,,,,,,,,,,,
169,oil,cranberri,onion,chopped,vine,mustard,honey,apricot,tea,bar,co,barley,her,de,berri,dri,salt,pea,liver,red,oliv,vinegar,cherri,almond,sel,pearl,cider,star,chop,raisin,coarse,c,pear,,,,,,,,,,,,,,,,,,,,,,,,
96,taste,ice,chipotl,fresh,chopped,potato,tea,co,powder,oregano,tomato,cumin,de,dri,peel,salt,sweet,sauce,sauc,chip,cocoa,chipotle,chili,pepperssalt,eel,cascabel,bean,corn,pepper,carton,chile,adobo,and,chop,black,c,chicken,,,,,,,,,,,,,,,,,,,,
9,chocolate,co,sweet,mix,chip,cola,pud,semisweet,cake,egg,package,c,chocol,,,,,,,,,,,,,,,,,,,,,,,,,,,,,,,,,,,,,,,,,,,,
254,fresh,garlic,white,tea,leav,powder,de,salt,basil,almond,cheese,egg,chees,whole,gra,acke,c,,,,,,,,,,,,,,,,,,,,,,,,,,,,,,,,,,,,,,,,
441,ice,juic,fresh,chopped,ju,tea,round,cucumb,lemon,juice,cucumber,cheese,cream,sprig,chees,pepper,smoke,of,zest,chop,black,dill,salmon,#NAME?,c,ground,,,,,,,,,,,,,,,,,,,,,,,,,,,,,,,
491,oil,cranberri,nut,cinnamon,nutmeg,white,tea,round,powder,lemon,de,berri,dri,sugar,salt,extract,red,baking,zucchini,flour,orang,king,gin,clove,veget,orange,egg,ginger,zest,c,soda,ground,,,,,,,,,,,,,,,,,,,,,,,,,
98,ice,onion,chopped,barbeque,bar,tortilla,round,bell,tomato,de,red,sauce,sauc,chip,green,egg,pepper,chile,chop,bottle,beef,c,ground,,,,,,,,,,,,,,,,,,,,,,,,,,,,,,,,,,
74,oil,ice,onion,rum,fresh,chopped,cinnamon,minc,garlic,tea,thyme,co,round,heavy,apple,peel,season,salt,oliv,root,puree,pumpkin,green,sour,slice,gin,bacon,crumbl,clove,cream,eel,pure,appl,pepper,ginger,and,chop,sea,black,c,ground,,,,,,,,,,,,,,,,
386,taste,ice,fresh,blend,milk,water,round,bone,de,salt,red,piece,pie,boneless,dough,rice,breast,soup,cheese,size,cream,biscuit,chees,pepper,of,and,skinless,black,c,chicken,ground,,,,,,,,,,,,,,,,,,,,,,,,,,
466,ice,onion,rum,chopped,tea,water,co,round,cumin,oliv,paprika,green,yellow,king,gin,almond,pepper,stuf,chop,black,c,couscou,hot,chicken,ground,,,,,,,,,,,,,,,,,,,,,,,,,,,,,,,,
146,ice,juic,vine,honey,ju,minc,garlic,balsam,tea,water,co,juice,loin,de,cornstarch,sauce,sauc,vinegar,orang,tenderloin,marmalad,concentrate,orange,star,corn,marmalade,c,pork,soy,,,,,,,,,,,,,,,,,,,,,,,,,,,,
429,crumbs,ice,onion,rum,fresh,parsley,chopped,bulk,stem,minc,garlic,tea,mushroom,sausag,de,sausage,bread,cheese,room,sage,chees,chop,gra,c,hot,,,,,,,,,,,,,,,,,,,,,,,,,,,,,,,,
498,oil,white,tea,water,yeast,de,sugar,salt,oliv,flour,bread,package,c,,,,,,,,,,,,,,,,,,,,,,,,,,,,,,,,,,,,,,,,,,,,
342,oil,taste,fresh,garlic,dri,oliv,rosemary,gin,clove,sprig,rose,c,,,,,,,,,,,,,,,,,,,,,,,,,,,,,,,,,,,,,,,,,,,,,
193,oil,taste,fresh,garlic,tea,flake,leav,salt,red,oliv,rosemary,almond,clove,sprig,pepper,rose,sea,c,,,,,,,,,,,,,,,,,,,,,,,,,,,,,,,,,,,,,,,
304,cayenne,crumbs,onion,rum,chopped,vine,garlic,milk,tea,round,powder,nonfat,tomato,de,sugar,salt,paprika,fat,vinegar,cayenn,evapor,pita,bread,pepper,chop,black,beef,c,ground,,,,,,,,,,,,,,,,,,,,,,,,,,,,
239,seasoning,ice,onion,minc,milk,tea,co,de,dri,season,salt,red,ham,cheese,mozzarella,egg,chees,sea,c,,,,,,,,,,,,,,,,,,,,,,,,,,,,,,,,,,,,,,
455,cayenne,ice,onion,vine,barbeque,garlic,tea,bar,round,powder,de,salt,sauce,sauc,paprika,vinegar,cayenn,rice,clove,pepper,whole,black,c,chicken,ground,,,,,,,,,,,,,,,,,,,,,,,,,,,,,,,,
91,chopped,mustard,honey,garlic,tea,loin,de,sauce,piece,sauc,pie,tenderloin,star,chop,#NAME?,c,pork,soy,,,,,,,,,,,,,,,,,,,,,,,,,,,,,,,,,,,,,,,
275,oil,taste,ice,onion,rum,juic,fresh,parsley,chopped,nut,mustard,seed,ju,minc,tea,co,round,leav,cucumb,lemon,tomato,her,juice,cherry,de,peel,feta,broth,shallot,oliv,green,cucumber,slice,cheese,crumbl,eel,choppedSalt,veget,star,chees,pepper,mint,and,chop,black,c,ground,,,,,,,,,,
25,taste,fresh,minc,garlic,trimmed,lemon,half,salt,green,snap,clove,bean,peppersalt,pepper,and,butter,c,,,,,,,,,,,,,,,,,,,,,,,,,,,,,,,,,,,,,,,,
265,crumbs,ice,rum,fresh,chopped,nut,duck,white,tea,thyme,round,leav,mushroom,dri,salt,sweet,liver,paprika,slice,bread,room,pistachio,egg,pepper,whole,chop,butter,c,chicken,ground,,,,,,,,,,,,,,,,,,,,,,,,,,,
394,ice,mustard,apricot,white,co,bone,de,boneless,rice,orang,marmalad,orange,star,marmalade,chop,preserv,#NAME?,c,pork,,,,,,,,,,,,,,,,,,,,,,,,,,,,,,,,,,,,,,
287,ice,onion,mustardRed,chopped,mustard,potato,round,her,pea,bunsCelery,spearsYellow,flour,slice,bun,star,chop,pickl,c,hot,ground,pear,,,,,,,,,,,,,,,,,,,,,,,,,,,,,,,,,,,,
329,brown,crumbs,taste,ice,onion,rum,Meatloaf,nut,mustard,loaf,nutmeg,milk,tea,round,sugar,salt,ketchup,bread,tasteTopping,Topping,egg,star,pepper,beaten,black,beef,c,ground,,,,,,,,,,,,,,,,,,,,,,,,,,,,,
131,oil,taste,ice,rum,juic,fresh,parsley,mustard,honey,ju,minc,tapenad,white,tea,thyme,co,tapenade,lemon,her,juice,loin,de,salt,red,shallot,piece,oliv,pie,cold,tenderloinsKosher,canola,wine,flour,cheese,tenderloin,crumbl,star,chees,pepper,whole,and,acke,butter,rack,c,pork,,,,,,,,,,,
27,taste,onion,chopped,potato,garlic,cube,water,co,round,tomato,salt,harissasalt,meat,harissa,clove,pepper,and,chop,black,beef,#NAME?,c,stew,ground,,,,,,,,,,,,,,,,,,,,,,,,,,,,,,,,,
153,brown,oil,taste,ice,onion,fresh,mustard,seed,minc,garlic,tea,mushroom,bell,loin,de,salt,red,sauce,oliv,sauc,slice,tenderloin,room,clove,browni,star,pepper,and,black,c,pork,,,,,,,,,,,,,,,,,,,,,,,,,,
160,oil,ice,pineapple,coconut,maraschino,chopped,nut,cinnamon,vanilla,white,tea,co,flake,round,apple,her,pine,sugar,salt,extract,baking,mash,cherri,flour,pineappl,king,walnut,veget,appl,egg,banana,chop,beaten,ripe,c,soda,ground,,,,,,,,,,,,,,,,,,,,
79,ice,chopped,nut,vanilla,white,tea,sugar,salt,extract,baking,bananas,sour,flour,slice,king,walnut,cream,egg,banana,chop,butter,c,soda,,,,,,,,,,,,,,,,,,,,,,,,,,,,,,,,,,
122,oil,cayenne,taste,onion,coconut,fresh,chopped,nut,anis,anise,garlic,milk,tea,curry,co,round,leav,tomato,masala,peel,salt,broth,red,sauce,sauc,cayenn,rib,green,past,basil,clove,ribs,caul,paste,garam,eel,veget,star,pepper,and,cauliflow,chop,bay,beef,c,chicken,ground,fish,,,,,,,,,
15,brown,nut,cinnamon,vanilla,nutmeg,white,tea,round,sugar,extract,baking,bananas,flour,king,egg,banana,ripe,butter,c,soda,ground,,,,,,,,,,,,,,,,,,,,,,,,,,,,,,,,,,,,
168,oil,ice,juic,cinnamon,ju,vanilla,white,round,apple,powder,juice,de,sugar,extract,baking,flour,orang,slice,king,veget,orange,appl,egg,c,ground,,,,,,,,,,,,,,,,,,,,,,,,,,,,,,,,
29,oil,taste,potato,garlic,cube,oilkosher,her,cape,salt,red,piece,oliv,pie,gin,kosher,pepper,and,#NAME?,c,,,,,,,,,,,,,,,,,,,,,,,,,,,,,,,,,,,,,,
223,ice,onion,bulk,barbeque,minc,garlic,bar,co,spice,sausag,de,sausage,red,sauce,sauc,green,slice,cheese,bacon,clove,sage,chees,bottle,rub,c,pork,,,,,,,,,,,,,,,,,,,,,,,,,,,,,,,
191,oil,taste,cranberri,chopped,mustard,mapl,cinnamon,syrup,tea,round,apple,berri,dri,salt,broth,piece,oliv,pie,cheese,cinnamonsalt,maple,appl,star,chees,pepper,and,quinoa,chop,gra,rinsedSauce,black,pecan,crisp,c,chicken,ground,,,,,,,,,,,,,,,,,,,,,
476,taste,ice,fresh,chopped,flakessalt,garlic,tea,mayonnais,co,flake,salt,red,mayonnaise,paprika,slice,basil,bacon,clove,egg,pepper,and,garnish,chop,garni,c,,,,,,,,,,,,,,,,,,,,,,,,,,,,,,,,
393,minc,garlic,tea,leav,bone,tomato,de,dri,red,piece,pie,boneless,breast,basil,clove,size,package,skinless,c,stew,chicken,,,,,,,,,,,,,,,,,,,,,,,,,,,,,,,,,,,,
68,oil,taste,ice,nut,seed,flax,milk,tea,powder,de,pine,stevia,salt,sweet,baking,mash,bananas,rice,flour,king,almond,veget,egg,banana,ripe,c,soda,,,,,,,,,,,,,,,,,,,,,,,,,,,,,,
77,chocolate,vanilla,white,milk,tea,co,powder,de,sugar,salt,extract,sweet,baking,evapor,cola,flour,king,egg,shortening,shorten,c,soda,chocol,,,,,,,,,,,,,,,,,,,,,,,,,,,,,,,,,,
489,brown,oil,ice,onion,vine,mustard,potato,roast,tea,water,sugar,peel,salt,red,piece,pie,vinegar,slice,carrot,eel,veget,star,pepper,and,black,beef,#NAME?,c,,,,,,,,,,,,,,,,,,,,,,,,,,,,,
17,oil,ice,fresh,bulk,blend,seed,tea,cornmeal,water,co,flake,mushroom,yeast,sausag,de,sausage,salt,red,sauce,oliv,sauc,flour,sesam,slice,basil,cheese,room,wheat,sage,corn,chees,pepper,package,whole,and,sesame,meal,pizza,c,,,,,,,,,,,,,,,,,,
390,salsa,chopped,cilantro,cilantroBlack,co,red,oliv,container,green,sour,chili,cream,package,chop,c,,,,,,,,,,,,,,,,,,,,,,,,,,,,,,,,,,,,,,,,,,
450,oil,taste,fresh,trimmed,tea,her,salt,oliv,stripskosher,green,orang,gin,kosher,orange,bean,zest,and,gra,,,,,,,,,,,,,,,,,,,,,,,,,,,,,,,,,,,,,,,
404,nut,cinnamon,nutmeg,white,milk,tea,round,powder,de,sugar,salt,baking,mash,bananas,flour,king,egg,of,banana,ripe,butter,c,ground,,,,,,,,,,,,,,,,,,,,,,,,,,,,,,,,,,
24,oil,rum,fresh,parsley,chopped,mustard,minc,garlic,tea,co,round,leav,red,paprika,crumbl,star,pepper,chop,black,bay,coarse,c,ling,ground,,,,,,,,,,,,,,,,,,,,,,,,,,,,,,,,,
144,oil,onion,curry,red,oliv,past,paste,whole,c,chicken,,,,,,,,,,,,,,,,,,,,,,,,,,,,,,,,,,,,,,,,,,,,,,,
83,oil,Cake,milk,tea,co,round,powder,tin,de,sugar,salt,baking,flour,cake,king,cheese,carrot,cream,veget,egg,chees,carrotsLemon,of,package,granul,gra,beaten,butter,Cream,c,,,,,,,,,,,,,,,,,,,,,,,,,,,
82,oil,ice,juic,fresh,chopped,vine,mustard,arugula,honey,ju,tea,lemon,juice,salt,shallot,oliv,vinegar,rice,gin,star,chop,c,,,,,,,,,,,,,,,,,,,,,,,,,,,,,,,,,,,
34,ice,fresh,parsley,roast,garlic,co,bone,de,red,sauce,ham,sauc,boneless,rice,past,breast,slice,king,cheese,cooking,cream,chees,garnish,garni,skinless,pasta,stock,c,chicken,,,,,,,,,,,,,,,,,,,,,,,,,,,,
176,brown,ice,temperature,juic,chopped,nut,chocolate,cinnamon,seed,ju,vanilla,nutmeg,flax,tea,co,round,powder,nonfat,lemon,juice,de,sugar,salt,extract,sweet,baking,mash,fat,chip,bananas,cola,flour,sweetener,semisweet,miniature,king,room,clove,walnut,wheat,sucralose,yogurt,egg,sucralos,banana,whole,granul,plain,chop,gra,butter,c,soda,chocol,ground,,
114,creamFor,ice,Cake,temperature,juic,ju,white,tea,water,co,powder,lemon,her,juice,de,sugar,salt,extract,sweet,cornstarch,baking,cold,cherri,sour,flour,king,almond,room,cream,egg,star,corn,zest,butter,c,Compote,,,,,,,,,,,,,,,,,,,,,
57,jam,chocolate,oat,white,tea,co,powder,de,berry,sugar,baking,blue,chip,cola,flour,king,blueberry,egg,of,butter,c,soda,chocol,,,,,,,,,,,,,,,,,,,,,,,,,,,,,,,,,,
164,chopped,nut,seed,flax,white,sugar,mash,bananas,flour,sel,walnut,egg,of,banana,chop,ripe,butter,meal,c,,,,,,,,,,,,,,,,,,,,,,,,,,,,,,,,,,,,,,
402,chopped,nut,chocolate,vanilla,white,milk,tea,co,powder,de,sugar,salt,extract,sweet,baking,mash,chip,bananas,cola,flour,semisweet,king,walnut,cooking,egg,of,banana,chop,spray,ripe,butter,c,soda,chocol,,,,,,,,,,,,,,,,,,,,,,,
290,white,tea,powder,lemon,de,sugar,salt,extract,sweet,baking,flour,king,cream,egg,of,butter,c,,,,,,,,,,,,,,,,,,,,,,,,,,,,,,,,,,,,,,,,
323,ice,chopped,artichoke,garlic,tea,water,round,powder,de,artichok,red,slice,king,gin,bread,cheese,mozzarella,cream,heart,chees,pepper,of,package,chop,black,c,ground,,,,,,,,,,,,,,,,,,,,,,,,,,,,,,
181,crumbs,rum,nut,chocolate,vanilla,white,tartar,tea,co,round,powder,de,sugar,salt,extract,sweet,baking,ham,chip,cola,semisweet,king,cracker,walnut,cream,egg,of,gra,acke,rack,graham,c,chocol,ground,,,,,,,,,,,,,,,,,,,,,,,
409,oil,ice,onion,fresh,minc,garlic,co,lemon,oliv,broccoli,clove,packet,acke,c,chicken,,,,,,,,,,,,,,,,,,,,,,,,,,,,,,,,,,,,,,,,,,
162,oil,taste,ice,juic,parsley,chopped,ju,minc,garlic,tea,water,co,flake,lemon,caper,juice,de,butterwater,peel,cape,salt,red,oliv,cold,deveinedsalt,leaf,clove,shrimp,eel,pepper,and,chop,brine,butter,c,,,,,,,,,,,,,,,,,,,,,,
226,brown,ice,chopped,nut,tea,water,co,spice,powder,air,de,sugar,golden,baking,pie,pumpkin,firm,king,gin,walnut,Topping,of,fir,chop,gra,acke,grain,Flour,raisin,pecan,c,,,,,,,,,,,,,,,,,,,,,,,,,,
179,oil,taste,ice,juic,fresh,chopped,potato,ju,lengthwise,cube,white,wash,tea,low-sodium,oili,lemon,leek,juice,sugar,sodium,peel,salt,broth,celery,red,root,green,sour,flour,carrot,cream,eel,parsnip,egg,and,chop,dill,#NAME?,c,ling,chicken,,,,,,,,,,,,,,,,
373,chocolate,cinnamon,vanilla,white,milk,tea,co,round,powder,de,sugar,extract,baking,chip,cola,flour,king,cookie,egg,of,butter,c,chocol,ground,,,,,,,,,,,,,,,,,,,,,,,,,,,,,,,,,
150,oil,coconut,nut,oat,white,tea,co,powder,de,sugar,salt,roll,baking,mash,bananas,flour,king,wheat,banana,whole,ripe,sea,pecan,c,,,,,,,,,,,,,,,,,,,,,,,,,,,,,,,,,
154,taste,chipotl,chopped,potato,de,peel,half,sauce,sauc,Salad,chip,chipotle,gin,eel,half-and-half,pepper,of,adobo,and,chop,butter,c,,,,,,,,,,,,,,,,,,,,,,,,,,,,,,,,,,,
453,vine,chocolate,white,milk,tea,co,sugar,salt,sweet,baking,vinegar,sour,cola,flour,cake,king,egg,of,butter,c,soda,chocol,,,,,,,,,,,,,,,,,,,,,,,,,,,,,,,,,,,
474,ice,juic,chopped,nut,ju,vanilla,white,tea,co,powder,juice,de,sugar,salt,extract,baking,mash,flour,orang,king,carrot,walnut,orange,egg,zest,shortening,and,chop,shorten,c,,,,,,,,,,,,,,,,,,,,,,,,,,,
35,ice,onion,chopped,white,tea,co,round,cumin,green,rice,long-grain,bean,pepper,and,kidney,chop,gra,grain,black,c,ground,,,,,,,,,,,,,,,,,,,,,,,,,,,,,,,,,,,,
347,ice,juic,nut,ju,vanilla,nutmeg,white,syrup,milk,tea,co,round,powder,lemon,juice,de,sugar,salt,extract,baking,flour,cake,king,egg,corn,butter,mace,c,ground,,,,,,,,,,,,,,,,,,,,,,,,,,,,
53,fresh,chopped,date,honey,cinnamon,vanilla,tea,round,salt,pea,extract,baking,bananas,chickpea,flour,king,gin,almond,egg,bean,banana,ginger,and,chop,gra,ripe,butter,c,soda,ground,,,,,,,,,,,,,,,,,,,,,,,,,,,
71,oil,ice,juic,chopped,date,cinnamon,ju,vanilla,milk,tea,co,round,apple,powder,juice,de,sugar,peel,extract,sweet,red,baking,sauce,sauc,cocoa,zucchini,flour,king,clove,carrot,wheat,concentrate,eel,veget,appl,egg,whole,applesauce,chop,raisin,c,soda,ground,,,,,,,,,,,,,,
454,oil,cayenne,taste,ice,juic,fresh,parsley,chopped,herb,ju,lengthwise,tea,co,round,bone,lemon,her,cumin,juice,de,salt,broth,red,shallot,piece,oliv,pie,boneless,cayenn,cold,green,breast,slice,leaf,pepper,zest,and,chop,brine,skinsalt,black,butter,c,chicken,ground,,,,,,,,,,,,
398,brown,oil,taste,chocolate,cinnamon,seed,vanilla,flax,white,tea,co,round,apple,powder,de,sugar,salt,extract,sweet,baking,sauce,sauc,chip,zucchini,cola,flour,semisweet,miniature,king,veget,appl,egg,applesauce,gra,c,soda,chocol,ground,,,,,,,,,,,,,,,,,,,
124,oil,ice,onion,chopped,milk,tea,mayonnais,rotini,co,bell,tomato,caper,her,tin,cherry,de,cape,red,mayonnaise,oliv,Salad,zucchini,green,past,slice,radish,gin,broccoli,corkscrew,packet,veget,pepper,package,chop,acke,pasta,#NAME?,c,,,,,,,,,,,,,,,,,,,
92,brown,oil,ice,coconut,nut,vine,seed,flax,milk,tea,co,powder,de,sugar,salt,baking,mash,vinegar,bananas,rice,amaranth,flour,king,margarin,almond,egg,of,banana,margarine,beaten,sea,meal,c,soda,soy,,,,,,,,,,,,,,,,,,,,,,
97,oil,ice,onion,allspic,fresh,chopped,nut,date,cinnamon,minc,nutmeg,allspice,garlic,white,tea,water,co,round,leav,spice,her,salt,sweet,oliv,rice,gin,bacon,clove,acorn,kosher,squash,sage,corn,pepper,chop,gra,grain,black,stock,c,chicken,ground,,,,,,,,,,,,,,,
262,brown,oil,ice,onion,fresh,chopped,minc,garlic,cube,cabbag,tea,low-sodium,co,bone,bell,de,sugar,sodium,half,salt,pea,broth,red,sauce,sauc,boneless,zucchini,green,rice,breast,sesam,slice,snap,gin,carrot,veget,pepper,ginger,chop,gra,grain,sesame,skinless,c,chicken,soy,,,,,,,,,,,
452,fresh,chopped,trimmed,white,milk,tea,thyme,round,lemon,sugar,salt,piece,pie,flour,asparagu,egg,pepper,zest,and,chop,asparagus,black,butter,#NAME?,c,ground,,,,,,,,,,,,,,,,,,,,,,,,,,,,,,,
89,brown,oil,pineapple,coconut,temperature,chopped,nut,cinnamon,vanilla,white,milk,tea,co,flake,round,apple,powder,lemon,de,pine,sugar,salt,extract,baking,sauce,sauc,mash,canola,bananas,flour,pineappl,king,room,walnut,appl,egg,macadamia,banana,applesauce,chop,beaten,butter,c,soda,ground,,,,,,,,,,,,
145,white,milk,tea,sugar,salt,baking,mash,bananas,sour,flour,king,margarin,egg,of,banana,margarine,c,soda,,,,,,,,,,,,,,,,,,,,,,,,,,,,,,,,,,,,,,,
314,oil,ice,Cake,pineapple,juic,chopped,cinnamon,ju,vanilla,white,milk,tea,co,round,apple,buttermilk,juice,tin,pine,sugar,salt,extract,sweet,baking,sauce,sauc,flour,pineappl,king,cheese,carrot,cooking,veget,appl,egg,chees,of,package,applesauce,and,chop,gra,sprayCake,spray,butter,pecan,c,soda,ground,,,,,,,,
56,oil,taste,strawberri,cinnamon,vanilla,oat,white,tea,round,powder,de,berri,sugar,roll,extract,red,baking,oliv,mash,bananas,flour,king,wheat,egg,banana,whole,straw,c,ground,,,,,,,,,,,,,,,,,,,,,,,,,,,,
65,garlic,tea,co,flake,round,bone,powder,de,red,boneless,breast,corn,pepper,skinless,black,c,chicken,ground,,,,,,,,,,,,,,,,,,,,,,,,,,,,,,,,,,,,,,,
367,oil,chopped,nut,white,tea,powder,lemon,de,sugar,salt,baking,mash,bananas,flour,king,walnut,veget,egg,banana,zest,chop,c,soda,,,,,,,,,,,,,,,,,,,,,,,,,,,,,,,,,,
458,cayenne,ice,allspic,nut,mapl,nutmeg,allspice,white,syrup,tea,round,spice,salt,cayenn,clove,maple,pepper,gra,butter,pecan,c,ground,,,,,,,,,,,,,,,,,,,,,,,,,,,,,,,,,,,
221,oil,taste,onion,chopped,minc,bourbonsalt,garlic,bone,salt,oliv,boneless,breast,clove,pepper,and,chop,skinless,butter,stock,c,chicken,,,,,,,,,,,,,,,,,,,,,,,,,,,,,,,,,,,,
206,oil,taste,fresh,topping,stem,honey,lengthwise,co,leav,apple,de,dri,salt,pea,red,fraiche,plum,appl,sage,and,frai,butter,c,ling,pear,,,,,,,,,,,,,,,,,,,,,,,,,,,,,,,,
330,brown,oil,ice,onion,nut,vine,minc,garlic,balsam,tea,flake,round,sugar,salt,pea,red,sauce,peanut,sauc,vinegar,green,sesam,slice,gin,fillet,clove,pepper,ginger,sesame,salmon,c,ground,soy,,,,,,,,,,,,,,,,,,,,,,,,
8,seasoning,ice,onion,blend,garlic,tea,water,co,tomato,dri,season,broth,meat,past,cheese,veget,star,chees,package,and,gra,sea,pasta,beef,c,,,,,,,,,,,,,,,,,,,,,,,,,,,,,,,,
364,oil,ice,blend,tortilla,bone,de,red,sauce,oliv,sauc,chip,boneless,breast,cheese,bean,chees,olivesSalsaAvocadosBanana,pepper,package,and,skinless,black,c,chicken,,,,,,,,,,,,,,,,,,,,,,,,,,,,,,,,,
236,apricot,white,tea,water,co,bran,lemon,sugar,brand,salt,pea,baking,sour,flour,king,peach,cream,egg,zest,and,butter,preserv,c,soda,,,,,,,,,,,,,,,,,,,,,,,,,,,,,,,,,
360,chocolate,potato,tea,water,co,flake,powder,de,sugar,salt,baking,mix,cocoa,cola,flour,pud,king,gin,egg,of,package,beaten,butter,c,chocol,,,,,,,,,,,,,,,,,,,,,,,,,,,,,,,,
348,topping,tea,co,de,half,red,paprika,chip,paprikaTortilla,cheese,gravy,corn,chees,package,whole,gra,c,chicken,,,,,,,,,,,,,,,,,,,,,,,,,,,,,,,,,,,,,,,
93,oil,tea,co,bone,de,pea,oliv,paprika,boneless,breast,egg,smoke,package,quinoa,skinless,c,chicken,,,,,,,,,,,,,,,,,,,,,,,,,,,,,,,,,,,,,,,,
209,brown,oil,ice,onion,fresh,nut,date,potato,minc,garlic,syrup,water,co,mushroom,sugar,peel,sauce,sauc,wine,rib,green,rice,sesam,slice,shiitake,room,clove,carrot,ribs,eel,corn,shiitak,chuck,chestnut,flank,sesame,beef,#NAME?,c,soy,,,,,,,,,,,,,,,,,
3,seasoning,taste,ice,onion,loaf,cube,white,tea,round,air,dri,season,salt,celery,slice,bread,pepper,sea,black,poultry,butter,c,ground,,,,,,,,,,,,,,,,,,,,,,,,,,,,,,,,,,
362,fresh,chopped,oat,white,tea,co,blueberri,berri,sugar,salt,baking,blue,mash,bananas,flour,king,cooking,egg,banana,shortening,chop,shorten,pecan,c,soda,,,,,,,,,,,,,,,,,,,,,,,,,,,,,,,,
426,brown,ice,pineapple,fresh,nut,vanilla,nutmeg,whipping,white,tea,co,round,heavy,apple,pine,sugar,peel,salt,pea,extract,red,pineappl,whip,cream,eel,appl,and,acke,butter,c,ground,pear,,,,,,,,,,,,,,,,,,,,,,,,,
11,oil,ice,fresh,fennel,lengthwise,minc,garlic,white,tea,flake,heavy,lemon,de,salt,shallot,oliv,bulb,wine,beard,sheet,sel,clove,cream,mussel,of,wedg,and,garnish,sea,garni,#NAME?,rub,c,,,,,,,,,,,,,,,,,,,,,,,,
213,oil,ice,onion,fresh,chopped,garlic,white,tea,water,co,flake,bone,tomato,thighs,salt,pea,broth,red,oliv,pimentos,boneless,green,rice,thigh,slice,clove,long-grain,pepper,chile,saffron,and,stuf,chop,gra,grain,black,c,chicken,,,,,,,,,,,,,,,,,,,
433,brown,ice,fresh,chopped,nut,chocolate,vanilla,white,milk,tea,co,sugar,peel,salt,pea,extract,baking,mix,bananas,cola,flour,king,peach,walnut,eel,egg,of,banana,and,chop,butter,c,hot,soda,chocol,,,,,,,,,,,,,,,,,,,,,,
328,brown,nut,cinnamon,tea,round,powder,de,sugar,salt,baking,mash,bananas,flour,king,carrot,walnut,of,banana,gra,butter,c,soda,ground,,,,,,,,,,,,,,,,,,,,,,,,,,,,,,,,,,
200,ice,potato,wash,leftover,berry,cranberry,pastry,sauce,sauc,mash,past,sheet,gravy,egg,stuf,gra,turkey,puff,c,,,,,,,,,,,,,,,,,,,,,,,,,,,,,,,,,,,,,,
464,oil,taste,ice,onion,lamb,oat,co,tomato,tin,loin,oliv,past,leaf,carrot,paste,pepper,package,butterSalt,and,sirloin,bay,Flour,butter,beef,stock,c,,,,,,,,,,,,,,,,,,,,,,,,,,,,,,,
149,chopped,nut,cinnamon,vanilla,nutmeg,white,tea,round,apple,sugar,extract,sweet,baking,sauce,sauc,mash,bananas,flour,king,walnut,appl,egg,banana,applesauce,chop,ripe,raisin,c,soda,ground,,,,,,,,,,,,,,,,,,,,,,,,,,,
484,seasoning,ice,steak,onion,chopped,chorizo,minc,garlic,tea,mushroom,sausag,loin,de,season,half,sausage,sauce,sauc,slice,tenderloin,room,clove,sage,chop,sea,c,pork,,,,,,,,,,,,,,,,,,,,,,,,,,,,,,
182,ice,mustard,mayonnais,co,de,red,mayonnaise,past,slice,spicy,cheese,bacon,paste,wasabi,egg,star,chees,c,,,,,,,,,,,,,,,,,,,,,,,,,,,,,,,,,,,,,,,
374,brown,oil,cayenne,taste,ice,onion,chipotl,fresh,vine,mustard,minc,garlic,tea,round,bone,powder,de,dri,sugar,thighs,salt,red,vinegar,chip,cayenn,wine,chipotle,thigh,slice,clove,veget,star,pepper,acke,black,c,chicken,ground,,,,,,,,,,,,,,,,,,,
377,brown,ice,allspic,nut,dark,vanilla,nutmeg,allspice,tea,round,spice,powder,de,sugar,salt,extract,baking,mash,bananas,flour,king,egg,banana,ripe,butter,c,ground,,,,,,,,,,,,,,,,,,,,,,,,,,,,,,
100,ice,juic,fresh,chopped,ju,vanilla,tea,co,lemon,juice,sugar,extract,flour,cake,egg,zest,chop,butter,pecan,c,,,,,,,,,,,,,,,,,,,,,,,,,,,,,,,,,,,,,
487,oil,ice,onion,chopped,bulk,roast,garlic,tea,co,round,oregano,tomato,sausag,de,dri,sausage,salt,red,ziti,sauce,oliv,sauc,container,past,basil,cheese,clove,mozzarella,ricotta,sage,chees,pepper,package,chop,gra,black,pasta,beef,c,ground,,,,,,,,,,,,,,,,,
356,oil,cinnamon,vanilla,white,tea,round,powder,de,sugar,salt,extract,baking,zucchini,canola,flour,king,wheat,egg,whole,gra,c,soda,ground,,,,,,,,,,,,,,,,,,,,,,,,,,,,,,,,,,
465,ice,mapl,cinnamon,pancak,syrup,milk,co,apple,sugar,peel,red,fat,slice,cake,king,gin,bread,maple,eel,appl,and,#NAME?,c,,,,,,,,,,,,,,,,,,,,,,,,,,,,,,,,,,
26,vanilla,tea,co,lemon,tin,sugar,extract,mix,pie,fillingFrosting,cake,cheese,cream,egg,chees,of,package,zest,butter,c,ling,,,,,,,,,,,,,,,,,,,,,,,,,,,,,,,,,,,,
427,oil,taste,pineapple,coconut,nut,chocolate,cinnamon,vanilla,nutmeg,white,tea,co,round,apple,de,pine,sugar,salt,extract,red,baking,chip,cola,flour,pineappl,king,carrot,appl,egg,package,c,soda,chocol,ground,,,,,,,,,,,,,,,,,,,,,,,
44,ice,potato,cube,tea,thyme,co,bell,tomato,dri,pea,mix,green,%,carrot,veget,bean,corn,package,whole,beef,c,,,,,,,,,,,,,,,,,,,,,,,,,,,,,,,,,,,,
444,oil,taste,ice,onion,chopped,potato,oat,bouillon,garlic,cube,water,liquidSalt,co,tomato,tin,peel,pea,liquid,canola,rib,flour,slice,clove,carrot,ribs,eel,veget,pepper,and,chop,beef,c,hot,stew,,,,,,,,,,,,,,,,,,,,,,,
228,ice,fresh,parsley,chopped,vine,herb,mustard,mapl,potato,honey,baby,white,syrup,tea,her,salt,pea,celery,mix,vinegar,wine,slice,dab,radish,gin,%,herbs,tarragon,maple,star,chive,pepper,and,chop,dill,Cream,c,,,,,,,,,,,,,,,,,,,,
67,cayenne,taste,mustard,tea,mayonnais,de,salt,mayonnaise,sauce,sauc,paprika,cayenn,chili,egg,star,pepper,smoke,c,hot,,,,,,,,,,,,,,,,,,,,,,,,,,,,,,,,,,,,,,
125,cayenne,seasoning,taste,onion,lamb,chopped,vine,mustard,fluid,garlic,white,milk,tea,round,powder,oregano,tomato,de,dri,sugar,season,salt,paprika,vinegar,cayenn,evapor,flour,pita,bread,star,pepper,chile,chop,seasoningSauce,acke,sea,black,rack,beef,c,ground,,,,,,,,,,,,,,,,
111,brown,onion,chopped,vine,mustard,tea,apple,powder,de,berry,cranberry,sugar,thighs,sauce,sauc,vinegar,ketchup,thigh,cider,appl,star,whole,chop,butter,c,chicken,,,,,,,,,,,,,,,,,,,,,,,,,,,,,,,
201,chopped,nut,vine,chocolate,white,tea,co,powder,de,sugar,salt,baking,mash,vinegar,chip,bananas,cola,flour,king,walnut,egg,of,banana,chop,beaten,ripe,butter,c,soda,chocol,,,,,,,,,,,,,,,,,,,,,,,,,,,
76,oil,crumbs,taste,rum,fresh,parsley,chopped,garlic,white,fontina,tea,flake,round,mushroom,leek,tin,de,salt,celery,red,oliv,rib,green,gin,bread,cheese,leaf,room,clove,ribs,bean,chees,mushroomsSalt,pepper,panko,and,cremini,garnish,chop,gra,cannellini,sea,garni,black,pecan,c,ground,,,,,,,,,,
240,nut,cinnamon,vanilla,nutmeg,white,milk,tea,co,round,powder,de,sugar,salt,extract,sweet,red,baking,cocoa,zucchini,flour,king,margarin,egg,margarine,c,soda,ground,,,,,,,,,,,,,,,,,,,,,,,,,,,,,,
334,brown,ice,chopped,potato,cinnamon,oat,tea,co,apple,de,sugar,peel,salt,roll,golden,sweet,red,cold,slice,king,gin,sel,eel,Topping,appl,wedg,and,chop,acke,Flour,butter,raisin,#NAME?,pecan,c,,,,,,,,,,,,,,,,,,,,,,
234,oil,taste,ice,onion,milk,tea,round,salt,red,ham,fat,canola,slice,cheese,egg,chees,pepper,provolone,and,black,c,ground,,,,,,,,,,,,,,,,,,,,,,,,,,,,,,,,,,,
382,nero,fresh,chopped,tea,water,quick-rise,habanero,powder,yeast,de,salt,red,baking,flour,rosemary,king,cheese,chees,pepper,rose,chop,rise,c,,,,,,,,,,,,,,,,,,,,,,,,,,,,,,,,,,
446,cayenne,taste,ice,juic,fresh,parsley,chopped,vine,ju,garlic,mayonnais,round,lemon,juice,salt,mayonnaise,vinegar,cayenn,rice,sour,leaf,fillet,tarragon,clove,cream,chive,pepper,and,chop,black,c,ground,,,,,,,,,,,,,,,,,,,,,,,,,
249,fresh,chopped,vanilla,white,tea,powder,de,sugar,extract,baking,sour,flour,orang,rosemary,king,cream,orange,egg,rose,of,zest,chop,gra,butter,c,soda,,,,,,,,,,,,,,,,,,,,,,,,,,,,,,,
244,ice,onion,fresh,chopped,cilantro,chorizo,leav,sausag,sausage,celery,green,bread,sage,chile,package,chop,butter,c,,,,,,,,,,,,,,,,,,,,,,,,,,,,,,,,,,,,,,,
224,taste,cranberri,fresh,seed,tea,co,air,berri,dri,salt,popcorn,sauce,sauc,pumpkin,green,dab,corn,sea,pecan,coarse,c,hot,,,,,,,,,,,,,,,,,,,,,,,,,,,,,,,,,,,
435,oil,ice,rum,juic,fresh,ju,oat,trimmed,tea,lemon,juice,oliv,cheese,asparagu,goat,crumbl,chees,of,zest,gra,asparagus,c,,,,,,,,,,,,,,,,,,,,,,,,,,,,,,,,,,,
273,ice,cube,round,tomato,loin,ham,piece,pie,slice,lettuc,lettuce,leaf,bun,hamburger,burger,and,sirloin,#NAME?,c,ground,,,,,,,,,,,,,,,,,,,,,,,,,,,,,,,,,,,,,
5,ice,onion,chopped,garlic,tea,co,round,bone,powder,loin,de,pea,sauce,piece,sauc,pie,boneless,cold,green,rice,gin,broccoli,carrot,egg,ginger,chop,beaten,butter,c,pork,ground,soy,,,,,,,,,,,,,,,,,,,,,,,,,
142,taste,ice,chopped,cilantro,blood,garlic,white,water,co,round,loin,de,salt,cornstarch,fruity,cold,wine,blanc,orang,slice,tenderloin,sel,clove,orange,star,corn,pepper,fruit,and,chop,black,sauvignon,coarse,c,pork,ground,,,,,,,,,,,,,,,,,,,,,
307,oil,ice,wood,potato,lengthwise,tea,co,apple,de,peel,sweet,red,oliv,Salad,green,slice,lettuc,lettuce,gin,eel,appl,wedg,and,butter,#NAME?,c,,,,,,,,,,,,,,,,,,,,,,,,,,,,,,,
354,temperature,honey,cinnamon,vanilla,white,tea,round,de,sugar,roll,extract,king,gin,cheese,room,cream,chees,of,package,butter,c,ground,,,,,,,,,,,,,,,,,,,,,,,,,,,,,,,,,,,
58,dash,ice,juic,avocado,ju,tea,lemon,juice,de,sauce,sauc,chip,sour,gin,cream,packet,pepper,avocados,acke,c,hot,,,,,,,,,,,,,,,,,,,,,,,,,,,,,,,,,,,,
292,yolk,cinnamon,white,milk,tea,round,powder,de,sugar,baking,bananas,flour,king,margarin,egg,banana,margarine,c,ground,,,,,,,,,,,,,,,,,,,,,,,,,,,,,,,,,,,,,,
113,brown,oil,sherry,ice,onion,fresh,chopped,vine,garlic,trimmed,tea,co,her,sugar,peel,pea,red,sauce,sauc,vinegar,wine,rib,green,rice,past,sesam,slice,gin,clove,ribs,paste,eel,oelek,hoisin,chile,ginger,and,garnish,chop,sesame,garni,beef,c,hot,soy,pear,,,,,,,,,,,
10,oil,ice,onion,fresh,fettuccin,chopped,seed,garlic,white,zucchinis,leek,de,sugar,salt,pea,broth,oliv,zucchini,green,past,basil,snap,shell,cheese,asparagu,bun,clove,chees,jalapeno,pepper,whole,and,chop,gra,asparagus,pasta,c,chicken,,,,,,,,,,,,,,,,,,,
381,oil,ice,onion,fresh,bella,chopped,vine,baby,artichoke,garlic,tea,mushroom,bell,tomato,crust,de,artichok,red,oliv,slice,basil,sheet,cheese,room,mozzarella,portabella,heart,port,chees,chop,ripe,bake,pizza,c,,,,,,,,,,,,,,,,,,,,,,,
78,brown,oil,Cake,pineapple,chopped,nut,chocolate,cinnamon,vanilla,nutmeg,white,tea,co,round,heavy,apple,de,pine,sugar,salt,extract,red,baking,cola,flour,orang,pineappl,king,gin,cheese,carrot,walnut,cream,veget,orange,appl,egg,chees,of,package,ginger,chop,beaten,butter,Cream,c,soda,chocol,ground,,,,,,,,
174,oil,taste,ice,onion,potato,cube,white,water,co,round,salt,celery,cornstarch,meat,piece,pie,rib,slice,carrot,ribs,size,veget,star,corn,pepper,watersalt,and,black,beef,c,stew,ground,,,,,,,,,,,,,,,,,,,,,,,,,
463,oil,ice,chopped,tea,round,tomato,sausag,dri,peel,sausage,celery,sweet,pint,slice,cheese,carrot,pinto,eel,bean,sage,chees,pepper,and,kidney,chop,gra,black,c,pork,ground,,,,,,,,,,,,,,,,,,,,,,,,,,,
195,oil,taste,ice,steak,onion,fresh,chopped,dark,honey,seed,minc,garlic,white,tea,flake,round,loin,sugar,red,sauce,sauc,green,sesam,slice,yellow,gin,clove,pepper,ginger,and,chop,sesame,sirloin,black,beef,c,ground,soy,,,,,,,,,,,,,,,,,,,
306,coconut,nut,white,tea,co,sugar,extract,baking,sour,flour,cake,king,cream,veget,egg,shortening,shorten,c,soda,,,,,,,,,,,,,,,,,,,,,,,,,,,,,,,,,,,,,,
14,oil,seasoning,taste,ice,onion,potato,seed,white,tea,bell,sausag,de,peel,season,sausage,salt,red,seasoningsalt,piece,oliv,pie,wine,green,slice,link,eel,sage,pepper,wedg,and,sea,stock,#NAME?,c,chicken,,,,,,,,,,,,,,,,,,,,,,
120,salsa,cayenne,ice,fresh,chopped,minc,garlic,tea,round,mushroom,bell,oregano,tomato,de,dri,salt,roll,red,cayenn,green,past,slice,basil,room,clove,carrot,paste,kaiser,split,pepper,and,chop,beef,c,ground,,,,,,,,,,,,,,,,,,,,,,
438,chopped,vanilla,white,tea,water,co,powder,de,sugar,salt,extract,sweet,baking,cocoa,sauerkraut,flour,king,egg,shortening,and,chop,shorten,c,soda,,,,,,,,,,,,,,,,,,,,,,,,,,,,,,,,,
138,brown,nut,tea,water,powder,yeast,de,berry,sugar,salt,pea,baking,peanut,flour,king,wheat,whole,straw,butter,c,soda,,,,,,,,,,,,,,,,,,,,,,,,,,,,,,,,,,,,
316,brown,chopped,nut,vanilla,white,tea,powder,de,sugar,salt,extract,red,baking,mash,fat,bananas,sour,flour,king,margarin,walnut,cream,egg,banana,margarine,chop,acke,ripe,raisin,c,soda,,,,,,,,,,,,,,,,,,,,,,,,,,
218,Cake,chocolate,vanilla,tea,co,powder,strong,tin,de,sugar,extract,baking,cocoa,cola,flour,king,coffee,egg,of,butter,coffe,c,hot,chocol,,,,,,,,,,,,,,,,,,,,,,,,,,,,,,,,,
341,crumbs,rum,coconut,nut,chocolate,oat,milk,co,flake,toffee,de,toffe,sweet,red,ham,piece,pie,green,cola,semisweet,king,gin,cracker,of,whole,and,gra,acke,condens,candy,rack,graham,c,chocol,,,,,,,,,,,,,,,,,,,,,,,
48,oil,taste,ice,jam,juic,fresh,chopped,cilantro,seed,ju,tea,bell,juice,de,peel,salt,red,mango,fillet,chili,eel,veget,pepper,and,chop,sea,salmon,c,lime,,,,,,,,,,,,,,,,,,,,,,,,,,,,
300,ice,dress,juic,ju,salad,garlic,tea,bone,lemon,juice,salt,mix,boneless,flour,breast,cheese,chees,dressing,package,and,skinless,butter,c,chicken,,,,,,,,,,,,,,,,,,,,,,,,,,,,,,,,,
12,oil,dress,vinaigrette,minc,salad,garlic,balsam,tea,round,powder,lemon,oregano,de,sauce,sauc,shoulder,chili,dressing,beverage,c,soda,pork,ground,lime,,,,,,,,,,,,,,,,,,,,,,,,,,,,,,,,,
231,oil,white,tea,water,yeast,tin,de,sugar,salt,oliv,flour,wheat,whole,c,,,,,,,,,,,,,,,,,,,,,,,,,,,,,,,,,,,,,,,,,,,
332,brown,oil,sherry,ice,fresh,minc,garlic,trimmed,tea,spice,powder,her,loin,de,sugar,sauce,sauc,root,sesam,gin,tenderloin,clove,bean,hoisin,ginger,five-spice,five-spic,acke,sesame,black,c,pork,soy,,,,,,,,,,,,,,,,,,,,,,,,
448,chopped,yolk,vanilla,white,milk,tea,co,powder,de,sugar,salt,extract,sweet,baking,cocoa,flour,king,egg,shortening,chop,butter,shorten,pecan,c,,,,,,,,,,,,,,,,,,,,,,,,,,,,,,,,,
194,oil,crumbs,onion,rum,fresh,garlic,trimmed,milk,tea,water,powder,de,season,green,flour,bread,chili,egg,bean,frying,sea,c,,,,,,,,,,,,,,,,,,,,,,,,,,,,,,,,,,,
457,oil,fresh,potato,garlic,tea,thyme,round,leav,dri,peel,broth,russet,oliv,gin,clove,eel,star,pepper,carton,and,black,c,chicken,ground,,,,,,,,,,,,,,,,,,,,,,,,,,,,,,,,,
337,brown,vanilla,white,milk,tea,buttermilk,sugar,salt,extract,baking,evapor,flour,king,egg,acke,butter,c,soda,,,,,,,,,,,,,,,,,,,,,,,,,,,,,,,,,,,,,,,
352,salsa,onion,chopped,roast,minc,garlic,trimmed,tea,round,powder,oregano,cumin,de,dri,meat,fat,green,chili,clove,chile,of,chuck,and,chop,beef,c,ground,,,,,,,,,,,,,,,,,,,,,,,,,,,,,,
482,oil,coconut,chopped,nut,mapl,seed,vanilla,flax,syrup,tea,water,co,powder,de,salt,extract,baking,flour,king,maple,chop,meal,pecan,c,soda,,,,,,,,,,,,,,,,,,,,,,,,,,,,,,,,
414,onion,parsley,potato,baby,roast,tea,water,round,oregano,tomato,dri,salt,sauce,sauc,yellow,carrot,pepper,black,beef,c,ground,,,,,,,,,,,,,,,,,,,,,,,,,,,,,,,,,,,,
280,Cake,vanilla,white,milk,tea,co,lemon,sugar,extract,flour,egg,of,beverage,butter,c,lime,,,,,,,,,,,,,,,,,,,,,,,,,,,,,,,,,,,,,,,,,
431,oil,taste,ice,onion,fresh,chopped,vine,minc,garlic,balsam,milk,tea,bar,water,bone,mushroom,barley,salt,pea,oliv,fat,vinegar,boneless,evapor,breast,slice,cheese,%,room,clove,pearl,veget,chees,pepper,and,chop,gra,skinless,butter,stock,mincedsalt,c,chicken,pear,,,,,,,,,,,,,
365,oil,onion,chopped,minc,garlic,tea,co,de,salt,canola,clove,caul,corn,cauliflow,chop,c,,,,,,,,,,,,,,,,,,,,,,,,,,,,,,,,,,,,,,,,,
31,fresh,chopped,vine,honey,tea,water,round,apple,de,peel,salt,piece,pie,vinegar,carrot,eel,cider,appl,pepper,and,chop,black,dill,butter,#NAME?,c,ground,,,,,,,,,,,,,,,,,,,,,,,,,,,,,,
406,ice,juic,mustard,ju,tea,curry,bone,powder,lemon,juice,de,salt,red,sauce,sauc,boneless,breast,star,chile,skinless,butter,c,chicken,,,,,,,,,,,,,,,,,,,,,,,,,,,,,,,,,,
375,fresh,parsley,chopped,tea,co,oregano,sausag,de,orzo,sausage,red,piece,pie,past,cheese,link,mozzarella,sage,chees,chive,and,chop,gra,pasta,butter,#NAME?,c,hot,,,,,,,,,,,,,,,,,,,,,,,,,,,,,
439,oil,ice,onion,minc,garlic,tea,flake,bell,oregano,tomato,roll,red,oliv,green,slice,basil,flakesHoagie,clove,sage,pepper,package,and,c,,,,,,,,,,,,,,,,,,,,,,,,,,,,,,,,,,
61,oil,white,tea,water,yeast,sugar,salt,oliv,flour,wheat,whole,c,,,,,,,,,,,,,,,,,,,,,,,,,,,,,,,,,,,,,,,,,,,,,
147,brown,ice,minc,garlic,tea,thyme,co,round,oregano,cumin,dri,sugar,salt,paprika,slice,bacon,clove,pepper,of,whole,and,black,butter,c,chicken,ground,,,,,,,,,,,,,,,,,,,,,,,,,,,,,,,
315,oil,ice,juic,fresh,coriander,vine,ju,garlic,tea,co,round,apple,juice,de,peel,salt,coriand,piece,oliv,pie,vinegar,root,green,orang,slice,gin,clove,eel,cider,orange,appl,wedg,ginger,zest,and,gra,butter,#NAME?,c,ground,,,,,,,,,,,,,,,,,
293,brown,taste,chopped,nut,dark,cinnamon,vanilla,nutmeg,milk,tea,round,sugar,salt,extract,red,baking,mix,mash,bananas,cake,king,egg,gum,of,banana,chop,beaten,acke,ripe,butter,pecan,c,ground,,,,,,,,,,,,,,,,,,,,,,,,
115,brown,cranberri,ice,cinnamon,vanilla,saltOrange,tea,co,round,spice,berri,dri,sugar,peel,salt,extract,baking,spice*,mash,pie,pumpkin,bananas,flour,orang,firm,king,eel,orange,egg,banana,fir,gra,acke,ripe,c,soda,ground,,,,,,,,,,,,,,,,,,,,
490,oil,seasoning,ice,onion,juic,fresh,ju,garlic,white,tea,round,bone,powder,lemon,juice,de,dri,season,sauce,sauc,boneless,root,wine,breast,gin,clove,veget,pepper,ginger,gra,sea,skinless,black,c,chicken,ground,soy,,,,,,,,,,,,,,,,,,,,
494,oil,coconut,chopped,nut,seed,vanilla,tea,water,co,powder,de,sugar,salt,extract,baking,mash,fat,bananas,flour,king,walnut,chia,yogurt,veget,egg,banana,plain,chop,ripe,c,soda,,,,,,,,,,,,,,,,,,,,,,,,,,
445,brown,ice,onion,milk,tea,co,buttermilk,de,red,slice,cheese,bacon,egg,chees,beaten,butter,c,,,,,,,,,,,,,,,,,,,,,,,,,,,,,,,,,,,,,,,,
87,oil,chopped,nut,mapl,syrup,milk,tea,salt,mash,bananas,flour,walnut,wheat,maple,pure,veget,egg,banana,whole,chop,c,,,,,,,,,,,,,,,,,,,,,,,,,,,,,,,,,,,,
132,oil,ice,turmer,tea,bone,thighs,peel,salt,piece,pie,boneless,root,thigh,eel,veget,and,sea,skinless,c,chicken,,,,,,,,,,,,,,,,,,,,,,,,,,,,,,,,,,,,,
216,oil,chopped,nut,vanilla,milk,tea,co,sugar,extract,baking,mix,mash,zucchini,king,walnut,cooking,veget,egg,banana,chop,gra,beaten,spray,ripe,c,,,,,,,,,,,,,,,,,,,,,,,,,,,,,,,,
60,cranberri,ice,onion,parsley,chopped,herb,apricot,white,water,co,currant,apple,her,de,berri,dri,sodium,peel,broth,celery,mix,fat,cherri,rice,leaf,herbs,bacon,long-grain,wild,eel,appl,chop,gra,grain,c,chicken,,,,,,,,,,,,,,,,,,,,,
397,ice,onion,chopped,white,tea,co,salt,sauce,piece,sauc,pie,green,rice,slice,bacon,chop,sea,c,soy,,,,,,,,,,,,,,,,,,,,,,,,,,,,,,,,,,,,,,
305,oil,honey,tea,water,yeast,salt,flour,almond,wheat,gum,package,whole,c,,,,,,,,,,,,,,,,,,,,,,,,,,,,,,,,,,,,,,,,,,,,
207,oil,ice,onion,fresh,chopped,barbeque,garlic,tea,bar,co,round,tomato,peel,salt,broth,sauce,piece,sauc,pie,rib,slice,sel,clove,carrot,ribs,eel,veget,pepper,and,chop,black,beef,#NAME?,coarse,c,ground,,,,,,,,,,,,,,,,,,,,,
252,oil,chopped,nut,cinnamon,vanilla,white,tea,round,powder,de,sugar,salt,extract,baking,zucchini,flour,king,walnut,veget,egg,chop,gra,c,soda,ground,,,,,,,,,,,,,,,,,,,,,,,,,,,,,,,,
129,oil,white,tea,water,yeast,oregano,de,dri,sugar,salt,oliv,flour,basil,wheat,package,whole,c,,,,,,,,,,,,,,,,,,,,,,,,,,,,,,,,,,,,,,,,
467,oil,taste,onion,fresh,chopped,cube,tea,round,her,peel,salt,pieceskosher,broth,celery,piece,pie,rib,sour,flour,yellow,leaf,carrot,ribs,cream,eel,kosher,veget,chive,pepper,and,chop,black,bay,beef,#NAME?,c,chicken,ground,,,,,,,,,,,,,,,,,,,
318,ice,juic,fresh,ju,minc,garlic,tea,juice,loin,salt,sauce,sauc,root,past,orang,gin,paste,orange,chile,ginger,zest,chop,gra,c,pork,soy,,,,,,,,,,,,,,,,,,,,,,,,,,,,,,,
151,onion,fresh,parsley,chopped,mustard,potato,tea,salt,green,rosemary,star,pepper,rose,chop,dill,Cream,c,,,,,,,,,,,,,,,,,,,,,,,,,,,,,,,,,,,,,,,,
208,oil,cayenne,honey,white,tea,water,her,sugar,salt,oliv,cayenn,almond,kosher,pepper,whole,c,,,,,,,,,,,,,,,,,,,,,,,,,,,,,,,,,,,,,,,,,
255,oil,chocolate,white,milk,tea,co,powder,de,sugar,salt,sweet,baking,mash,chip,bananas,cola,flour,semisweet,king,veget,egg,banana,c,chocol,,,,,,,,,,,,,,,,,,,,,,,,,,,,,,,,,
497,brown,chocolate,vanilla,oat,white,tea,co,round,processor,food,sugar,salt,roll,extract,sweet,baking,chip,cola,flour,semisweet,king,cooking,egg,of,process,butter,c,soda,chocol,ground,,,,,,,,,,,,,,,,,,,,,,,,,,,
70,cayenne,roast,garlic,tea,round,bone,powder,oregano,cumin,de,dri,season,salt,boneless,cayenn,chili,pepper,chuck,sea,black,beef,c,ground,,,,,,,,,,,,,,,,,,,,,,,,,,,,,,,,,,
461,chopped,tea,co,round,oregano,leftover,de,dri,red,green,breast,king,gin,cheese,bean,chees,pepper,carton,chop,turkey,black,c,ground,,,,,,,,,,,,,,,,,,,,,,,,,,,,,,,,,,
413,oil,seasoning,taste,ice,blend,baby,minc,garlic,co,round,leav,mushroom,bell,tomato,de,peel,season,salt,red,ziti,seasoningsalt,sauce,oliv,sauc,container,spaghetti,zucchini,spinach,cheese,room,carrot,eel,ricotta,port,chees,pepper,portobello,package,and,sea,black,c,ground,,,,,,,,,,,,,,
4,temperature,raspberry,chocolate,white,milk,tea,co,powder,de,berry,sugar,extract,sweet,baking,chip,cola,flour,king,almond,room,egg,butter,c,chocol,,,,,,,,,,,,,,,,,,,,,,,,,,,,,,,,,
140,oil,cayenne,taste,ice,onion,chopped,nut,seed,cube,tea,thyme,round,de,dri,peel,salt,celery,oliv,cayenn,slice,prosciutto,carrot,eel,squash,sage,pepper,carton,and,chop,butternut,butter,c,ground,,,,,,,,,,,,,,,,,,,,,,,,
50,oil,cayenne,ice,onion,marinara,fresh,topping,parsley,chopped,vine,seed,lengthwise,minc,garlic,white,balsam,tea,water,co,flake,round,bell,tomato,sausag,de,sausage,salt,broth,red,sauce,oliv,sauc,vinegar,cayenn,green,rice,cheese,clove,egg,sage,chees,pepper,and,chop,gra,grain,black,beef,c,hot,pork,ground,,,,,
326,chopped,nut,cinnamon,vanilla,white,tea,water,co,round,apple,powder,de,sugar,salt,extract,red,baking,sauce,sauc,flour,king,clove,walnut,cooking,appl,egg,applesauce,shortening,chop,spray,butter,shorten,raisin,c,soda,ground,,,,,,,,,,,,,,,,,,,,,
343,brown,taste,chopped,cinnamon,vanilla,superfine,tea,round,powder,de,sugar,extract,baking,mash,extractTopping,sour,flour,cake,king,cream,Topping,egg,banana,chop,beaten,ripe,butter,pecan,c,soda,ground,,,,,,,,,,,,,,,,,,,,,,,,,,
84,loaf,red,bread,of,package,butter,c,,,,,,,,,,,,,,,,,,,,,,,,,,,,,,,,,,,,,,,,,,,,,,,,,,
447,oil,crumbs,taste,rum,garlic,milk,tea,oregano,loin,de,dri,salt,bread,tenderloin,veget,egg,oreganosalt,pepper,and,c,pork,,,,,,,,,,,,,,,,,,,,,,,,,,,,,,,,,,,,
289,temperature,vanilla,white,tea,co,powder,de,sugar,salt,extract,sweet,baking,cocoa,flour,cake,king,almond,cheese,room,cream,egg,chees,package,butter,c,,,,,,,,,,,,,,,,,,,,,,,,,,,,,,,,
109,oil,onion,chopped,tea,powder,oregano,de,dri,salt,baking,zucchini,green,flour,king,cheese,veget,egg,chees,chop,gra,beaten,c,,,,,,,,,,,,,,,,,,,,,,,,,,,,,,,,,,,
359,oil,temperature,fresh,chopped,coriander,minc,garlic,tea,thyme,co,round,lemon,de,salt,coriand,orang,sesam,room,orange,chive,pepper,whole,zest,and,chop,sesame,black,butter,c,chicken,ground,,,,,,,,,,,,,,,,,,,,,,,,,,
173,oil,coconut,nut,mapl,cinnamon,vanilla,syrup,tea,co,round,apple,powder,lemon,buckwheat,de,salt,extract,liver,red,baking,sauce,sauc,zucchini,flour,king,almond,wheat,maple,appl,egg,applesauce,zest,gra,raisin,c,soda,ground,,,,,,,,,,,,,,,,,,,,
496,jam,raspberry,chocolate,seed,vanilla,white,milk,tea,co,powder,de,berry,sugar,salt,seedless,extract,sweet,baking,chip,cola,flour,semisweet,king,egg,of,butter,c,chocol,,,,,,,,,,,,,,,,,,,,,,,,,,,,,
408,oil,taste,ice,onion,fresh,potato,minc,garlic,thyme,heavy,de,peel,sweet,red,shallot,thymeSalt,green,slice,cheese,clove,cream,eel,parsnip,chees,pepper,and,turnip,c,,,,,,,,,,,,,,,,,,,,,,,,,,,,,
296,oil,taste,ice,nut,nutmeg,white,milk,co,round,salt,pastry,ham,country,past,flour,slice,cheese,nutmegSalt,egg,chees,pepper,package,whole,and,gra,beaten,puff,butter,c,ground,,,,,,,,,,,,,,,,,,,,,,,,,,,
211,oil,honey,oat,milk,tea,water,yeast,de,salt,flour,bread,wheat,veget,c,,,,,,,,,,,,,,,,,,,,,,,,,,,,,,,,,,,,,,,,,,,
412,brown,ice,chopped,nut,honey,cinnamon,nutmeg,tea,co,round,apple,powder,strong,lemon,de,sugar,peel,salt,red,baking,flour,king,coffee,sel,walnut,wheat,eel,appl,egg,of,whole,zest,and,chop,acke,butter,coffe,coarse,c,soda,ground,,,,,,,,,,,,,,,,
272,ice,onion,fresh,chopped,minc,garlic,tea,co,leav,leek,pea,broth,piece,pie,green,rosemary,slice,bacon,clove,carrot,split,rose,chop,bay,c,chicken,,,,,,,,,,,,,,,,,,,,,,,,,,,,,,,
350,ice,juic,fresh,yolk,ju,minc,weed,whipping,garlic,trimmed,tea,co,round,heavy,lemon,juice,dri,salt,green,slice,bacon,clove,whip,cream,egg,bean,pepper,whole,turkey,black,dill,c,ground,,,,,,,,,,,,,,,,,,,,,,,,
242,oil,taste,ice,onion,ale,fresh,chopped,kale,stem,dinosaur,minc,garlic,tea,baguett,thyme,co,flake,round,leav,bone,tomato,baguette,thighs,peel,salt,red,piece,oliv,pie,boneless,green,thigh,slice,cheese,leaf,bun,pepperssalt,sel,clove,tortellini,eel,chees,pepper,chile,package,and,chop,gra,skinless,black,bay,lacinato,#NAME?,coarse,c,chicken,ground
63,oil,ice,juic,fresh,vine,ju,minc,trimmed,white,tea,round,lemon,juice,salt,oliv,vinegar,prosciutto,gin,asparagu,bun,egg,pepper,zest,and,asparagus,black,c,ground,,,,,,,,,,,,,,,,,,,,,,,,,,,,,
449,oil,ice,onion,rum,tea,round,leav,mushroom,tomato,de,salt,red,sauce,ham,oliv,blue,sauc,slice,cheese,bun,crumbl,room,split,hamburger,chees,pepper,burger,black,beef,c,ground,,,,,,,,,,,,,,,,,,,,,,,,,,
99,brown,ice,allspic,juic,chopped,nut,cinnamon,ju,allspice,white,tea,water,round,spice,apple,powder,lemon,juice,de,sugar,salt,baking,sauce,sauc,flour,cake,king,almond,clove,walnut,appl,egg,applesauce,shortening,chop,acke,shorten,raisin,c,ground,,,,,,,,,,,,,,,,,
268,oil,ice,juic,chopped,nut,ju,vanilla,white,tea,co,lemon,juice,sugar,salt,extract,baking,zucchini,flour,king,pistachio,cooking,yogurt,veget,egg,zest,plain,chop,gra,spray,c,soda,,,,,,,,,,,,,,,,,,,,,,,,,,
190,chopped,nut,co,de,broth,mix,soup,cream,veget,of,chop,condens,c,chicken,,,,,,,,,,,,,,,,,,,,,,,,,,,,,,,,,,,,,,,,,,,
264,oil,garlic,oliv,gin,clove,c,,,,,,,,,,,,,,,,,,,,,,,,,,,,,,,,,,,,,,,,,,,,,,,,,,,
460,ice,steak,onion,fresh,chopped,baby,minc,garlic,tea,lemon,salt,red,spinach,flour,slice,clove,halibut,pepper,chop,black,butter,c,,,,,,,,,,,,,,,,,,,,,,,,,,,,,,,,,,,
434,oat,white,tea,water,yeast,sugar,salt,flour,wheat,whole,butter,c,,,,,,,,,,,,,,,,,,,,,,,,,,,,,,,,,,,,,,,,,,,,,
105,fresh,milk,tea,powder,buttermilk,de,sugar,salt,baking,flour,king,cheese,whip,cream,egg,chees,smoke,of,dill,butter,salmon,c,soda,,,,,,,,,,,,,,,,,,,,,,,,,,,,,,,,,,
51,chopped,nut,vanilla,white,milk,tea,apple,powder,buttermilk,de,sugar,salt,extract,baking,flour,king,walnut,appl,egg,chop,butter,c,soda,,,,,,,,,,,,,,,,,,,,,,,,,,,,,,,,,,
20,oil,taste,ice,onion,fresh,lengthwise,minc,garlic,white,thyme,co,leav,lemon,half,salt,red,piece,pie,thymeSalt,wine,slice,tarragon,clove,cob,sprig,split,corn,pepper,and,butter,lobster,c,,,,,,,,,,,,,,,,,,,,,,,,,
327,chocolate,tea,co,powder,de,sugar,extract,sweet,red,baking,cola,flour,king,egg,pepper,mint,granul,shortening,and,gra,peppermint,shorten,c,chocol,,,,,,,,,,,,,,,,,,,,,,,,,,,,,,,,,
187,ice,crust,meat,pie,cream,Topping,of,package,and,c,ling,,,,,,,,,,,,,,,,,,,,,,,,,,,,,,,,,,,,,,,,,,,,,,
383,brown,crumbs,rum,vanilla,milk,tea,powder,de,sugar,extract,baking,ham,mash,flour,king,cracker,egg,banana,gra,beaten,acke,butter,rack,graham,c,,,,,,,,,,,,,,,,,,,,,,,,,,,,,,,,
54,oil,ice,juic,cinnamon,ju,vanilla,white,tea,co,round,apple,powder,juice,de,sugar,peel,salt,extract,red,baking,flour,orang,slice,king,eel,veget,orange,appl,egg,and,c,ground,,,,,,,,,,,,,,,,,,,,,,,,,
310,sherry,taste,honey,apricot,garlic,tea,thyme,co,round,powder,her,loin,de,salt,tenderloin,buttersalt,pepper,of,and,butter,preserv,c,pork,ground,,,,,,,,,,,,,,,,,,,,,,,,,,,,,,,,,
392,oil,taste,ice,fresh,loaf,seed,minc,garlic,white,co,round,leav,de,salt,red,pomegran,cold,dough,sour,pomegranate,rosemary,slice,bread,cheese,clove,sage,chees,pepper,rose,sourdough,gra,acke,black,butter,rack,c,,,,,,,,,,,,,,,,,,,,,
257,taste,onion,ale,chopped,kale,baby,seed,minc,garlic,cube,tea,co,oregano,tomato,crust,de,dri,salt,red,roma,plum,pie,flour,basil,bean,pepper,basilsalt,and,chop,cannellini,butter,bake,c,chicken,,,,,,,,,,,,,,,,,,,,,,,
440,taste,fresh,chopped,nut,nutmeg,tea,curry,round,powder,de,half,red,fat,puree,pumpkin,sour,nutmegSalt,cream,pure,half-and-half,chive,pepper,and,chop,black,c,ground,,,,,,,,,,,,,,,,,,,,,,,,,,,,,,
202,seasoning,taste,ice,onion,rum,fresh,parsley,chopped,potato,garlic,tea,co,sriracha,peel,season,half,salt,celery,mix,sauce,sauc,fat,flour,slice,bacon,chili,crumbl,eel,veget,half-and-half,pepper,and,chop,turkey,sea,poultry,saucesalt,c,,,,,,,,,,,,,,,,,,,
288,taste,ice,steak,onion,juic,potato,ju,white,tea,co,round,tomato,juice,loin,de,sugar,peel,salt,celery,sugarsalt,tapioca,cocktail,tenderloin,carrot,eel,veget,pepper,and,black,beef,c,ground,,,,,,,,,,,,,,,,,,,,,,,,,
417,oil,ice,juic,honey,ju,trimmed,tea,co,sriracha,juice,cornstarch,sauce,oliv,sauc,slice,chili,sel,star,corn,hoisin,sprout,and,c,hot,lime,,,,,,,,,,,,,,,,,,,,,,,,,,,,,,,,
357,ice,nut,cinnamon,nutmeg,white,tea,water,round,apple,sugar,salt,baking,flour,slice,king,clove,wheat,appl,egg,whole,butter,raisin,c,soda,ground,,,,,,,,,,,,,,,,,,,,,,,,,,,,,,,,
220,brown,ice,juic,cinnamon,ju,vanilla,cube,white,milk,tea,round,lemon,juice,sugar,salt,extract,baking,mash,bananas,flour,king,egg,of,banana,ripe,butter,c,soda,ground,,,,,,,,,,,,,,,,,,,,,,,,,,,,
42,oil,garlic,tea,co,powder,tomato,sausag,de,sausage,sweet,red,green,past,shell,cheese,mozzarella,veget,bean,sage,chees,package,whole,and,kidney,pasta,c,pork,,,,,,,,,,,,,,,,,,,,,,,,,,,,,,
443,oil,chopped,nut,cinnamon,vanilla,white,tea,round,powder,de,sugar,salt,extract,baking,zucchini,flour,king,walnut,veget,egg,chop,gra,c,soda,ground,,,,,,,,,,,,,,,,,,,,,,,,,,,,,,,,
106,ice,cube,breakfast,co,sausag,sausage,sage,and,#NAME?,c,pork,,,,,,,,,,,,,,,,,,,,,,,,,,,,,,,,,,,,,,,,,,,,,,
39,oil,fresh,chopped,trimmed,tea,round,her,loin,de,berri,salt,red,oliv,wine,rosemary,tenderloin,sage,pepper,rose,chop,blackberri,sea,black,c,pork,ground,,,,,,,,,,,,,,,,,,,,,,,,,,,,,,,
385,brown,chopped,dark,vanilla,white,milk,tea,powder,de,sugar,extract,baking,evapor,flour,king,egg,shortening,chop,acke,butter,shorten,pecan,c,,,,,,,,,,,,,,,,,,,,,,,,,,,,,,,,,,
156,oil,yolk,nut,cinnamon,nutmeg,milk,tea,round,yeast,de,sugar,salt,evapor,flour,gin,bread,molass,clove,veget,egg,frying,package,ginger,shortening,beaten,shorten,c,hot,ground,,,,,,,,,,,,,,,,,,,,,,,,,,,,
470,brown,oil,ice,onion,bella,vine,baby,balsam,tea,thyme,co,round,bone,apple,mushroom,bell,loin,oyster,de,dri,half,vinegar,boneless,canola,rice,slice,shiitake,tenderloin,room,appl,shiitak,pepper,of,and,black,Cream,#NAME?,c,hot,pork,ground,,,,,,,,,,,,,,,,
232,oil,fresh,potato,minc,garlic,tea,thyme,round,leav,bone,dri,sweet,piece,pie,boneless,green,breast,rosemary,veget,bean,pepper,rose,whole,skinless,black,#NAME?,c,chicken,ground,,,,,,,,,,,,,,,,,,,,,,,,,,,,
163,cayenne,seasoning,ice,fresh,parsley,chopped,mustard,cilantro,potato,tea,mayonnais,co,flake,round,food,de,peel,season,seafood,mayonnaise,fat,cayenn,slice,bacon,shrimp,eel,egg,star,chive,pepper,and,chop,sea,black,c,ground,,,,,,,,,,,,,,,,,,,,,
127,oil,taste,nut,cinnamon,vanilla,nutmeg,white,tea,co,round,apple,powder,de,sugar,salt,extract,red,baking,sauce,sauc,zucchini,flour,king,cheese,cream,veget,appl,egg,chees,of,package,applesauce,butter,c,soda,ground,,,,,,,,,,,,,,,,,,,,,
472,brown,oil,chopped,nut,mapl,white,tea,powder,de,sugar,salt,extract,red,baking,zucchini,flour,king,walnut,wheat,maple,germ,veget,egg,chop,gra,acke,c,soda,,,,,,,,,,,,,,,,,,,,,,,,,,,,,
276,chopped,cube,tea,rotini,water,co,leav,bone,tomato,tin,dri,piece,pie,boneless,past,breast,basil,broccoli,sel,size,pepper,package,chop,skinless,black,pasta,#NAME?,coarse,c,chicken,,,,,,,,,,,,,,,,,,,,,,,,,,,
155,seasoning,crumbs,taste,ice,onion,rum,fresh,parsley,chopped,garlic,tea,co,round,mushroom,de,season,half,salt,pea,spaghetti,flour,slice,bread,cheese,room,half-and-half,chees,pepper,package,panko,and,chop,gra,turkey,sea,black,poultry,butter,c,ground,,,,,,,,,,,,,,,,,
277,ice,onion,rum,fresh,parsley,chopped,minc,garlic,white,tea,co,bell,powder,de,sweet,red,piece,pie,green,rice,past,bacon,crumbl,clove,vermicelli,pepper,granul,and,chop,gra,black,pasta,butter,c,,,,,,,,,,,,,,,,,,,,,,,
49,oil,taste,fresh,trimmed,salt,oliv,asparagu,bun,and,asparagus,sea,black,c,,,,,,,,,,,,,,,,,,,,,,,,,,,,,,,,,,,,,,,,,,,,
333,crumbs,ice,rum,fontina,milk,tea,co,round,macaroni,tin,de,salt,red,flour,basil,king,gin,bread,cheese,mozzarella,chees,pepper,package,whole,panko,pesto,black,butter,c,ground,,,,,,,,,,,,,,,,,,,,,,,,,,,
104,oil,cayenne,crumbs,taste,rum,fresh,parsley,chopped,minc,garlic,tea,round,currant,loin,de,dri,salt,oliv,cayenn,rosemary,bread,leaf,tenderloin,bun,clove,sprig,egg,peppersalt,pepper,rose,and,chop,black,c,pork,ground,,,,,,,,,,,,,,,,,,,,,
229,dash,barbecu,onion,chopped,tea,bar,round,yeast,de,extract,sauce,sauc,flour,ketchup,spread,egg,barbecue,chop,beef,c,ground,,,,,,,,,,,,,,,,,,,,,,,,,,,,,,,,,,,,
212,onion,parsley,chopped,cottag,ju,garlic,tea,co,round,powder,oregano,tomato,de,dri,cottage,salt,red,sauce,sauc,past,shell,cheese,mozzarella,paste,egg,chees,pepper,package,chop,gra,black,pasta,beef,c,ground,,,,,,,,,,,,,,,,,,,,,,
136,potato,white,tea,water,flake,yeast,sugar,salt,flour,bread,wheat,whole,butter,c,,,,,,,,,,,,,,,,,,,,,,,,,,,,,,,,,,,,,,,,,,,
261,crumbs,jam,rum,raspberry,chocolate,seed,vanilla,tea,co,berry,sugar,seedless,red,ham,fat,cola,flour,king,gin,cheese,%,cracker,cream,chees,of,package,whole,granul,gra,acke,rack,graham,c,chocol,,,,,,,,,,,,,,,,,,,,,,,
331,oil,coconut,nut,cinnamon,vanilla,oat,milk,tea,co,round,powder,de,salt,extract,baking,bananas,king,almond,egg,banana,nectar,butter,crunchy,c,soda,ground,,,,,,,,,,,,,,,,,,,,,,,,,,,,,,,
128,dash,oil,seasoning,taste,onion,fresh,fettuccin,chopped,ju,garlic,tea,co,bone,powder,tomato,de,season,salt,grape,red,oliv,paprika,boneless,green,past,breast,fettuccini,corn,pepper,package,chop,gra,sea,skinless,pasta,c,chicken,,,,,,,,,,,,,,,,,,,,
217,oil,ice,chopped,chocolate,dark,cinnamon,water,co,bran,muffin,apple,de,brand,sweet,red,mix,sauce,sauc,chip,cola,slice,bread,veget,appl,egg,banana,applesauce,and,chop,c,chocol,,,,,,,,,,,,,,,,,,,,,,,,,,
481,coconut,maraschino,chopped,nut,white,milk,tea,co,flake,powder,her,de,sugar,extract,red,baking,cherri,flour,king,cheese,cream,egg,chees,of,shortening,chop,butternut,butter,shorten,c,,,,,,,,,,,,,,,,,,,,,,,,,,,
488,dash,oil,ice,onion,chipotl,chopped,blend,cinnamon,seed,minc,garlic,tea,tortilla,co,round,tomato,her,de,salt,red,sauce,oliv,sauc,chip,chipotle,sour,sesam,almond,cheese,clove,cream,kosher,corn,chees,pepper,whole,adobo,chop,sesame,black,raisin,c,chicken,ground,,,,,,,,,,,,,
322,oil,ice,onion,juic,fresh,chopped,mustard,winter,ju,trimmed,white,tea,lemon,juice,berri,sugar,salt,pea,oliv,Salad,green,slice,snap,radish,gin,wheat,star,of,and,chop,dill,slicedDressing,c,,,,,,,,,,,,,,,,,,,,,,,,
175,cayenne,chopped,tea,mayonnais,round,powder,de,mayonnaise,oliv,cayenn,green,chili,egg,pepper,chile,chop,ripe,c,ground,,,,,,,,,,,,,,,,,,,,,,,,,,,,,,,,,,,,,,
495,ice,honey,vanilla,fluid,white,tea,co,powder,de,dri,sugar,salt,extract,red,baking,whiskey,bananas,flour,slice,king,bacon,cooking,drip,egg,liqueur,banana,and,spray,ripe,butter,c,soda,,,,,,,,,,,,,,,,,,,,,,,,,
269,oil,nut,honey,vanilla,tea,salt,pea,extract,red,baking,pastry,peanut,mash,fat,bananas,past,flour,king,bread,wheat,germ,veget,egg,banana,whole,butter,c,soda,,,,,,,,,,,,,,,,,,,,,,,,,,,,,
294,oil,taste,onion,fresh,chopped,roast,garlic,white,tea,thyme,co,flake,leav,tin,de,salt,celery,red,meat,pastry,piece,pie,past,flour,cheese,bacon,clove,carrot,size,sprig,egg,chees,pepper,package,and,chop,beaten,puff,black,butter,stock,c,chicken,,,,,,,,,,,,,,
411,chopped,nut,cinnamon,vanilla,white,milk,tea,water,co,round,powder,buttermilk,de,sugar,extract,sweet,baking,cocoa,flour,king,walnut,egg,chop,beaten,butter,c,soda,ground,,,,,,,,,,,,,,,,,,,,,,,,,,,,,
248,ice,penn,co,bell,meat,past,king,gin,pepper,package,and,pasta,c,,,,,,,,,,,,,,,,,,,,,,,,,,,,,,,,,,,,,,,,,,,,
372,nut,bulk,baby,garlic,tea,water,co,leav,powder,sausag,de,sausage,piece,pie,spinach,past,king,gin,squash,sage,package,and,butternut,pasta,butter,c,pork,,,,,,,,,,,,,,,,,,,,,,,,,,,,,,
180,brown,oil,nut,dark,cinnamon,nutmeg,tea,co,round,de,sugar,salt,golden,baking,cold,puree,pumpkin,flour,cake,king,bread,sel,pure,veget,egg,granul,gra,acke,butter,raisin,c,soda,ground,,,,,,,,,,,,,,,,,,,,,,,,
161,oil,chocolate,cinnamon,vanilla,white,tea,co,round,sugar,salt,extract,sweet,baking,chip,zucchini,cola,flour,semisweet,king,veget,egg,gra,c,soda,chocol,ground,,,,,,,,,,,,,,,,,,,,,,,,,,,,,,,
16,ice,onion,juic,fresh,parsley,chopped,blend,ju,salad,tea,co,round,bell,lemon,juice,de,peel,red,green,cheese,cracker,sel,shrimp,cream,eel,chees,pepper,of,package,and,chop,bottle,acke,rack,coarse,c,ground,,,,,,,,,,,,,,,,,,,,
250,ice,steak,onion,vine,cube,white,tea,water,de,sugar,sauce,sauc,vinegar,flour,ketchup,slice,chuck,beef,#NAME?,c,soy,,,,,,,,,,,,,,,,,,,,,,,,,,,,,,,,,,,,
311,ice,juic,mapl,ju,syrup,bone,apple,juice,loin,boneless,maple,appl,chop,c,pork,,,,,,,,,,,,,,,,,,,,,,,,,,,,,,,,,,,,,,,,,,
222,co,de,red,ziti,sauce,sauc,spaghetti,past,cheese,mozzarella,ricotta,egg,chees,package,gra,beaten,pasta,c,,,,,,,,,,,,,,,,,,,,,,,,,,,,,,,,,,,,,,,
199,brown,oil,taste,ice,onion,chopped,vine,potato,cinnamon,minc,garlic,cube,tea,water,co,round,leav,oregano,tomato,cumin,dri,reduced-sodium,sugar,sodium,peel,salt,broth,red,meat,piece,plum,oliv,pie,fat,vinegar,wine,peppercorn,past,rosemary,slice,clove,carrot,paste,eel,corn,pepper,rose,whole,and,chop,black,bay,beef,#NAME?,c,stew,ground
95,ice,fresh,chopped,roast,whipping,white,tea,co,leek,her,de,salt,red,wine,green,rice,cheese,whip,cream,kosher,corn,chees,chive,pepper,and,chop,gra,black,butter,c,,,,,,,,,,,,,,,,,,,,,,,,,,,
133,oil,chopped,nut,chocolate,oat,flax,white,tea,mayonnais,co,round,powder,de,sugar,salt,sweet,baking,mayonnaise,mash,chip,bananas,cola,flour,semisweet,miniature,king,walnut,wheat,cooking,germ,veget,egg,banana,chop,butter,c,soda,chocol,ground,,,,,,,,,,,,,,,,,,
462,oil,chopped,nut,vanilla,white,tea,round,powder,de,sugar,salt,extract,baking,zucchini,flour,king,gin,clove,walnut,veget,egg,ginger,chop,gra,raisin,c,soda,ground,,,,,,,,,,,,,,,,,,,,,,,,,,,,,